-- MySQL dump 10.16  Distrib 10.1.48-MariaDB, for debian-linux-gnu (x86_64)
--
-- Host: localhost    Database: db
-- ------------------------------------------------------
-- Server version	10.1.48-MariaDB-0+deb9u2

/*!40101 SET @OLD_CHARACTER_SET_CLIENT=@@CHARACTER_SET_CLIENT */;
/*!40101 SET @OLD_CHARACTER_SET_RESULTS=@@CHARACTER_SET_RESULTS */;
/*!40101 SET @OLD_COLLATION_CONNECTION=@@COLLATION_CONNECTION */;
/*!40101 SET NAMES utf8mb4 */;
/*!40103 SET @OLD_TIME_ZONE=@@TIME_ZONE */;
/*!40103 SET TIME_ZONE='+00:00' */;
/*!40014 SET @OLD_UNIQUE_CHECKS=@@UNIQUE_CHECKS, UNIQUE_CHECKS=0 */;
/*!40014 SET @OLD_FOREIGN_KEY_CHECKS=@@FOREIGN_KEY_CHECKS, FOREIGN_KEY_CHECKS=0 */;
/*!40101 SET @OLD_SQL_MODE=@@SQL_MODE, SQL_MODE='NO_AUTO_VALUE_ON_ZERO' */;
/*!40111 SET @OLD_SQL_NOTES=@@SQL_NOTES, SQL_NOTES=0 */;

--
-- Table structure for table `config_files`
--

DROP TABLE IF EXISTS `config_files`;
/*!40101 SET @saved_cs_client     = @@character_set_client */;
/*!40101 SET character_set_client = utf8 */;
CREATE TABLE `config_files` (
  `id` tinyint(4) DEFAULT NULL,
  `file_id` varchar(71) DEFAULT NULL,
  `file_name` varchar(22) DEFAULT NULL
) ENGINE=InnoDB DEFAULT CHARSET=utf8mb4;
/*!40101 SET character_set_client = @saved_cs_client */;

--
-- Dumping data for table `config_files`
--

LOCK TABLES `config_files` WRITE;
/*!40000 ALTER TABLE `config_files` DISABLE KEYS */;
INSERT INTO `config_files` VALUES (10,'BQACAgQAAxkBAAN3ZpmeYlPiN4WgIEBAfuJi08O1zkYAAm8UAALvTMBQ_jWfrPQsGt0eBA','FIFIF-GAME-DE1 ð©ð'),(11,'BQACAgQAAxkBAAN4ZpmeYjlkbgIK3x2eYGCvrtzvKQ0AAnAUAALvTMBQOrKpAlTx1CMeBA','FIFI-GAME-TR2 ð¹ð'),(12,'BQACAgQAAxkBAAN5ZpmeYgE2HgaYKKAWpR8524ZOabAAAm4UAALvTMBQDFUhgwABusdKHgQ','FIFI-GAME-UAE2 ð¦ð');
/*!40000 ALTER TABLE `config_files` ENABLE KEYS */;
UNLOCK TABLES;

--
-- Table structure for table `configs`
--

DROP TABLE IF EXISTS `configs`;
/*!40101 SET @saved_cs_client     = @@character_set_client */;
/*!40101 SET character_set_client = utf8 */;
CREATE TABLE `configs` (
  `id` smallint(6) DEFAULT NULL,
  `plan_id` tinyint(4) DEFAULT NULL,
  `plan_type` varchar(7) DEFAULT NULL,
  `config_text` varchar(165) DEFAULT NULL,
  `status` varchar(9) DEFAULT NULL,
  `chat_id` varchar(11) DEFAULT NULL,
  `sale_date` varchar(10) DEFAULT NULL
) ENGINE=InnoDB DEFAULT CHARSET=utf8mb4;
/*!40101 SET character_set_client = @saved_cs_client */;

--
-- Dumping data for table `configs`
--

LOCK TABLES `configs` WRITE;
/*!40000 ALTER TABLE `configs` DISABLE KEYS */;
INSERT INTO `configs` VALUES (137,1,'v2ray','vless://634624da-dd1f-4f0f-9b47-e28b2881ecbf@fifi1.persian-ping.top:2110?type=tcp&path=%2F&host=www.sourceforge.net&headerType=http&security=none#FIFI-o13a1atc-30GB','sold','866674734','2024-07-19'),(138,1,'v2ray','vless://06e5072d-dae9-4a76-a17b-3e2362f2f6db@fifi1.persian-ping.top:2110?type=tcp&path=%2F&host=www.sourceforge.net&headerType=http&security=none#FIFI-ykpg6nzy-30GB','sold','-1601293969','2024-07-20'),(139,1,'v2ray','vless://cd78a2ce-e7dd-43de-9ad9-913617990500@fifi1.persian-ping.top:2110?type=tcp&path=%2F&host=www.sourceforge.net&headerType=http&security=none#FIFI-2fyi6d8r-30GB','available','',''),(140,1,'v2ray','vless://55376c22-c4ba-4bd2-be4f-00346c0f9845@fifi1.persian-ping.top:2110?type=tcp&path=%2F&host=www.sourceforge.net&headerType=http&security=none#FIFI-zohyb242-30GB','available','',''),(141,1,'v2ray','vless://3c2f64d6-ef2e-4046-b9b8-ec42010e8fdb@fifi1.persian-ping.top:2110?type=tcp&path=%2F&host=www.sourceforge.net&headerType=http&security=none#FIFI-1xxthzrs-30GB','available','',''),(142,1,'v2ray','vless://399bdf97-ee9c-4416-bf4a-3d088ba7525b@fifi1.persian-ping.top:2110?type=tcp&path=%2F&host=www.sourceforge.net&headerType=http&security=none#FIFI-it7cwzcp-30GB','available','',''),(143,1,'v2ray','vless://dadeaec3-b6c7-4203-9b9f-5dbd67625560@fifi1.persian-ping.top:2110?type=tcp&path=%2F&host=www.sourceforge.net&headerType=http&security=none#FIFI-3eux7y36-30GB','available','',''),(144,1,'v2ray','vless://9b441c88-8c54-4485-af98-16704eb760bd@fifi1.persian-ping.top:2110?type=tcp&path=%2F&host=www.sourceforge.net&headerType=http&security=none#FIFI-utvywfar-30GB','available','',''),(145,1,'v2ray','vless://413ef86d-d250-4e9a-a29f-f3b794074e06@fifi1.persian-ping.top:2110?type=tcp&path=%2F&host=www.sourceforge.net&headerType=http&security=none#FIFI-1v0cdsz1-30GB','available','',''),(146,1,'v2ray','vless://abbebef8-9ed5-421e-abfa-778fc123dd0d@fifi1.persian-ping.top:2110?type=tcp&path=%2F&host=www.sourceforge.net&headerType=http&security=none#FIFI-cbax6zzf-30GB','available','',''),(147,1,'v2ray','vless://d4434ec0-e2a9-4446-aa13-b4ee038179b5@fifi1.persian-ping.top:2110?type=tcp&path=%2F&host=www.sourceforge.net&headerType=http&security=none#FIFI-rfdtvkdq-30GB','available','',''),(148,1,'v2ray','vless://4ce63f34-c567-4bbf-a04d-9104d172565d@fifi1.persian-ping.top:2110?type=tcp&path=%2F&host=www.sourceforge.net&headerType=http&security=none#FIFI-0nrvx75m-30GB','available','',''),(149,1,'v2ray','vless://cc484344-ba2c-4b52-beb5-86838de0679d@fifi1.persian-ping.top:2110?type=tcp&path=%2F&host=www.sourceforge.net&headerType=http&security=none#FIFI-fpo9as39-30GB','available','',''),(150,1,'v2ray','vless://c9b46781-7f64-4c6e-93f9-07ca083afd62@fifi1.persian-ping.top:2110?type=tcp&path=%2F&host=www.sourceforge.net&headerType=http&security=none#FIFI-wxcoles6-30GB','available','',''),(151,1,'v2ray','vless://2d0fc298-ec1a-4609-9321-433f967ce05c@fifi1.persian-ping.top:2110?type=tcp&path=%2F&host=www.sourceforge.net&headerType=http&security=none#FIFI-dq78jj86-30GB','available','',''),(152,1,'v2ray','vless://eacfe556-f9df-452c-a0fc-370e7df58ce4@fifi1.persian-ping.top:2110?type=tcp&path=%2F&host=www.sourceforge.net&headerType=http&security=none#FIFI-f14z3ruo-30GB','available','',''),(153,1,'v2ray','vless://fc7e0b25-b2e6-484e-9130-89e21c4bf7ab@fifi1.persian-ping.top:2110?type=tcp&path=%2F&host=www.sourceforge.net&headerType=http&security=none#FIFI-uuuj55gz-30GB','available','',''),(154,1,'v2ray','vless://6537dde1-9c23-4760-b7c1-b79a338c85e6@fifi1.persian-ping.top:2110?type=tcp&path=%2F&host=www.sourceforge.net&headerType=http&security=none#FIFI-z5s6eqll-30GB','available','',''),(155,1,'v2ray','vless://bb9ee739-9b48-4603-a36e-d61723916bad@fifi1.persian-ping.top:2110?type=tcp&path=%2F&host=www.sourceforge.net&headerType=http&security=none#FIFI-bwc49tkr-30GB','available','',''),(156,1,'v2ray','vless://e0b6de3f-995b-4d98-876e-c7df98856ec1@fifi1.persian-ping.top:2110?type=tcp&path=%2F&host=www.sourceforge.net&headerType=http&security=none#FIFI-8svuyixf-30GB','available','',''),(157,1,'v2ray','vless://052cd431-f18a-42d2-b54f-13fd633fbca5@fifi1.persian-ping.top:2110?type=tcp&path=%2F&host=www.sourceforge.net&headerType=http&security=none#FIFI-xgtfkfjm-30GB','available','',''),(158,1,'v2ray','vless://75243561-1740-4962-b30c-0f19c39cf1cb@fifi1.persian-ping.top:2110?type=tcp&path=%2F&host=www.sourceforge.net&headerType=http&security=none#FIFI-jbs1x43t-30GB','available','',''),(159,1,'v2ray','vless://ed3eef56-9f37-421e-9ed3-e8dd7967ab2b@fifi1.persian-ping.top:2110?type=tcp&path=%2F&host=www.sourceforge.net&headerType=http&security=none#FIFI-pwt1n93d-30GB','available','',''),(160,1,'v2ray','vless://32e54b99-fc4f-47aa-aa35-41b743013ac2@fifi1.persian-ping.top:2110?type=tcp&path=%2F&host=www.sourceforge.net&headerType=http&security=none#FIFI-hukjmdxh-30GB','available','',''),(161,1,'v2ray','vless://73550d1b-d5d6-4e85-9fcb-cdd3fb479233@fifi1.persian-ping.top:2110?type=tcp&path=%2F&host=www.sourceforge.net&headerType=http&security=none#FIFI-dcgq8cep-30GB','available','',''),(162,1,'v2ray','vless://e1de5753-81fc-47b1-b0c7-a11603fce35d@fifi1.persian-ping.top:2110?type=tcp&path=%2F&host=www.sourceforge.net&headerType=http&security=none#FIFI-p5xvoja4-30GB','available','',''),(163,1,'v2ray','vless://a60f7562-bbb4-49e3-bb01-e61d74425f98@fifi1.persian-ping.top:2110?type=tcp&path=%2F&host=www.sourceforge.net&headerType=http&security=none#FIFI-e3eilv2p-30GB','available','',''),(164,1,'v2ray','vless://743069c2-639e-4e77-a437-6fb7d89eae93@fifi1.persian-ping.top:2110?type=tcp&path=%2F&host=www.sourceforge.net&headerType=http&security=none#FIFI-3bbybm3l-30GB','available','',''),(165,1,'v2ray','vless://1e2e347c-1799-48ce-bdd9-be0968110078@fifi1.persian-ping.top:2110?type=tcp&path=%2F&host=www.sourceforge.net&headerType=http&security=none#FIFI-kz5ns6pg-30GB','available','',''),(166,1,'v2ray','vless://233b5a6d-49b3-4048-8c27-94f925206939@fifi1.persian-ping.top:2110?type=tcp&path=%2F&host=www.sourceforge.net&headerType=http&security=none#FIFI-ui2fe1vj-30GB','available','',''),(167,1,'v2ray','vless://f32f0722-ff6a-407d-89fe-bc20a67a95ce@fifi1.persian-ping.top:2110?type=tcp&path=%2F&host=www.sourceforge.net&headerType=http&security=none#FIFI-drmphmox-30GB','available','',''),(168,1,'v2ray','vless://3f5377ec-db97-4133-97cc-c171507036a1@fifi1.persian-ping.top:2110?type=tcp&path=%2F&host=www.sourceforge.net&headerType=http&security=none#FIFI-t4wvkaau-30GB','available','',''),(169,1,'v2ray','vless://0175bc99-91cb-4ac8-bbbe-052c06eab004@fifi1.persian-ping.top:2110?type=tcp&path=%2F&host=www.sourceforge.net&headerType=http&security=none#FIFI-v9ov1nzx-30GB','available','',''),(170,1,'v2ray','vless://a5750beb-0f12-4fd0-8aac-095cfb0e126e@fifi1.persian-ping.top:2110?type=tcp&path=%2F&host=www.sourceforge.net&headerType=http&security=none#FIFI-pg1xth5v-30GB','available','',''),(171,1,'v2ray','vless://8970aca5-1e48-488c-8380-3cd35240d438@fifi1.persian-ping.top:2110?type=tcp&path=%2F&host=www.sourceforge.net&headerType=http&security=none#FIFI-18eo8w5d-30GB','available','',''),(172,1,'v2ray','vless://4e77529e-77c6-44a7-a269-84d360ad11ab@fifi1.persian-ping.top:2110?type=tcp&path=%2F&host=www.sourceforge.net&headerType=http&security=none#FIFI-1r48fipl-30GB','available','',''),(173,1,'v2ray','vless://f1b499a0-f15a-4c4e-8748-d44762b4e3cf@fifi1.persian-ping.top:2110?type=tcp&path=%2F&host=www.sourceforge.net&headerType=http&security=none#FIFI-ed8wi4zt-30GB','available','',''),(174,1,'v2ray','vless://52bec76b-c633-41a2-8bba-e776738dcc3c@fifi1.persian-ping.top:2110?type=tcp&path=%2F&host=www.sourceforge.net&headerType=http&security=none#FIFI-rqr96f0h-30GB','available','',''),(175,1,'v2ray','vless://4320c064-ae60-4e49-93a9-c66f3f0d77ba@fifi1.persian-ping.top:2110?type=tcp&path=%2F&host=www.sourceforge.net&headerType=http&security=none#FIFI-9u6ln3xb-30GB','available','',''),(176,1,'v2ray','vless://94095ed9-5b0c-4bf6-88bd-5d3b71c615db@fifi1.persian-ping.top:2110?type=tcp&path=%2F&host=www.sourceforge.net&headerType=http&security=none#FIFI-v7phs7bq-30GB','available','',''),(177,2,'v2ray','vless://5c2bb7dd-1d0b-4601-8235-56e794c54ce3@fifi1.persian-ping.top:2110?type=tcp&path=%2F&host=www.sourceforge.net&headerType=http&security=none#FIFI-z9dr83rg50GB','available','',''),(178,2,'v2ray','vless://a9f75257-967b-4204-a182-9e83412ace4e@fifi1.persian-ping.top:2110?type=tcp&path=%2F&host=www.sourceforge.net&headerType=http&security=none#FIFI-50pm7ly750GB','available','',''),(179,2,'v2ray','vless://0b828774-eae4-47d4-bca8-ba663f1032dc@fifi1.persian-ping.top:2110?type=tcp&path=%2F&host=www.sourceforge.net&headerType=http&security=none#FIFI-8zsx339k50GB','available','',''),(180,2,'v2ray','vless://2cc7cad0-e0b8-441a-8e57-32e6e499d9a0@fifi1.persian-ping.top:2110?type=tcp&path=%2F&host=www.sourceforge.net&headerType=http&security=none#FIFI-g7rwrokn50GB','available','',''),(181,2,'v2ray','vless://52c437a2-de46-43f9-9e0b-38ab28a7a0ae@fifi1.persian-ping.top:2110?type=tcp&path=%2F&host=www.sourceforge.net&headerType=http&security=none#FIFI-glj3u3ul50GB','available','',''),(182,2,'v2ray','vless://ac990135-d951-40a1-a125-f8a3b7dbef18@fifi1.persian-ping.top:2110?type=tcp&path=%2F&host=www.sourceforge.net&headerType=http&security=none#FIFI-bxqlmf1h50GB','available','',''),(183,2,'v2ray','vless://b0ca5b92-2272-4dbe-af38-d88a8ac61b8f@fifi1.persian-ping.top:2110?type=tcp&path=%2F&host=www.sourceforge.net&headerType=http&security=none#FIFI-5gjtlygm50GB','available','',''),(184,2,'v2ray','vless://f03d7247-3f32-4697-afa6-3ea05e8263e7@fifi1.persian-ping.top:2110?type=tcp&path=%2F&host=www.sourceforge.net&headerType=http&security=none#FIFI-zddzqe4r50GB','available','',''),(185,2,'v2ray','vless://aee67ac4-2506-4e87-b591-bdad2b209d30@fifi1.persian-ping.top:2110?type=tcp&path=%2F&host=www.sourceforge.net&headerType=http&security=none#FIFI-wn2np9q450GB','available','',''),(186,2,'v2ray','vless://1317e0e8-6998-428d-89c1-c740fe8b5229@fifi1.persian-ping.top:2110?type=tcp&path=%2F&host=www.sourceforge.net&headerType=http&security=none#FIFI-0116chvj50GB','available','',''),(187,2,'v2ray','vless://b23f0baa-8ebe-4a90-b9cf-3c724758e38b@fifi1.persian-ping.top:2110?type=tcp&path=%2F&host=www.sourceforge.net&headerType=http&security=none#FIFI-71ga357a50GB','available','',''),(188,2,'v2ray','vless://031eac02-7d08-4e7f-9e2a-d565e8248bc2@fifi1.persian-ping.top:2110?type=tcp&path=%2F&host=www.sourceforge.net&headerType=http&security=none#FIFI-i6uik6ny50GB','available','',''),(189,2,'v2ray','vless://e0df2a4c-9c74-4276-b602-fe9f59f8b59f@fifi1.persian-ping.top:2110?type=tcp&path=%2F&host=www.sourceforge.net&headerType=http&security=none#FIFI-y01bi22c50GB','available','',''),(190,2,'v2ray','vless://c1c04650-2df8-4b26-873b-644ea5013073@fifi1.persian-ping.top:2110?type=tcp&path=%2F&host=www.sourceforge.net&headerType=http&security=none#FIFI-3l7kbs6650GB','available','',''),(191,2,'v2ray','vless://df0db204-7a26-45ec-af00-f537e160cc3f@fifi1.persian-ping.top:2110?type=tcp&path=%2F&host=www.sourceforge.net&headerType=http&security=none#FIFI-gu3td0xr50GB','available','',''),(192,2,'v2ray','vless://0851427b-4ce8-4c5a-89fa-8194b2049300@fifi1.persian-ping.top:2110?type=tcp&path=%2F&host=www.sourceforge.net&headerType=http&security=none#FIFI-7xpf9j8w50GB','available','',''),(193,2,'v2ray','vless://cba173b3-c9bc-4c7e-a922-d4721582e848@fifi1.persian-ping.top:2110?type=tcp&path=%2F&host=www.sourceforge.net&headerType=http&security=none#FIFI-rzbyklzz50GB','available','',''),(194,2,'v2ray','vless://c9aee02f-2b37-4fad-abb5-09126aba6cf1@fifi1.persian-ping.top:2110?type=tcp&path=%2F&host=www.sourceforge.net&headerType=http&security=none#FIFI-ef5i1qk450GB','available','',''),(195,2,'v2ray','vless://28ae15c4-7cb0-40ee-8a88-18186524b955@fifi1.persian-ping.top:2110?type=tcp&path=%2F&host=www.sourceforge.net&headerType=http&security=none#FIFI-cbza4b3r50GB','available','',''),(196,2,'v2ray','vless://836770a1-150a-4000-ae83-fdf37842e975@fifi1.persian-ping.top:2110?type=tcp&path=%2F&host=www.sourceforge.net&headerType=http&security=none#FIFI-fhc5u8yc50GB','available','',''),(197,3,'v2ray','vless://5b5e6f26-85c5-461e-95a8-9fdff3d075da@fifi1.persian-ping.top:2110?type=tcp&path=%2F&host=www.sourceforge.net&headerType=http&security=none#FIFI-ggtp1zyz-60GB','available','',''),(198,3,'v2ray','vless://7429cb68-6e40-458c-ac8e-006431ecb2d1@fifi1.persian-ping.top:2110?type=tcp&path=%2F&host=www.sourceforge.net&headerType=http&security=none#FIFI-uxj425iy-60GB','available','',''),(199,3,'v2ray','vless://f8c0b33a-37fa-4638-8158-6b03b2e8c844@fifi1.persian-ping.top:2110?type=tcp&path=%2F&host=www.sourceforge.net&headerType=http&security=none#FIFI-kfkbhg01-60GB','available','',''),(200,3,'v2ray','vless://98503fc7-eae0-4ca4-a6a0-1d9e56fe28c4@fifi1.persian-ping.top:2110?type=tcp&path=%2F&host=www.sourceforge.net&headerType=http&security=none#FIFI-w4bgytvf-60GB','available','',''),(201,3,'v2ray','vless://6bd588ea-8fc7-4982-8c0b-316336cc6db1@fifi1.persian-ping.top:2110?type=tcp&path=%2F&host=www.sourceforge.net&headerType=http&security=none#FIFI-9kulacqb-60GB','available','',''),(202,3,'v2ray','vless://73c71cf7-b0c5-4b5e-a99f-069b3f09bc68@fifi1.persian-ping.top:2110?type=tcp&path=%2F&host=www.sourceforge.net&headerType=http&security=none#FIFI-v64utb4w-60GB','available','',''),(203,3,'v2ray','vless://ba62d5b0-69fb-4acb-999f-3a171389a0c2@fifi1.persian-ping.top:2110?type=tcp&path=%2F&host=www.sourceforge.net&headerType=http&security=none#FIFI-wxn6e0ym-60GB','available','',''),(204,3,'v2ray','vless://ab3908c6-176c-4950-85bb-3d4dd7e8e42b@fifi1.persian-ping.top:2110?type=tcp&path=%2F&host=www.sourceforge.net&headerType=http&security=none#FIFI-fknk403h-60GB','available','',''),(205,3,'v2ray','vless://bdaf456f-770c-4861-a854-a538434eaf42@fifi1.persian-ping.top:2110?type=tcp&path=%2F&host=www.sourceforge.net&headerType=http&security=none#FIFI-eree2bul-60GB','available','',''),(206,3,'v2ray','vless://b3b3c3df-2a19-4f5c-8e98-a485e9a64706@fifi1.persian-ping.top:2110?type=tcp&path=%2F&host=www.sourceforge.net&headerType=http&security=none#FIFI-do8k35rr-60GB','available','',''),(207,3,'v2ray','vless://519d37a3-3648-46ae-9a1f-1d4df65a70d3@fifi1.persian-ping.top:2110?type=tcp&path=%2F&host=www.sourceforge.net&headerType=http&security=none#FIFI-yntjwnaw-60GB','available','',''),(208,3,'v2ray','vless://b2d5f2c8-83ac-4ab5-b823-d655eb909843@fifi1.persian-ping.top:2110?type=tcp&path=%2F&host=www.sourceforge.net&headerType=http&security=none#FIFI-vnv4ncz5-60GB','available','',''),(209,3,'v2ray','vless://516b3c5f-1c4e-421f-bd21-b7f139fdf25f@fifi1.persian-ping.top:2110?type=tcp&path=%2F&host=www.sourceforge.net&headerType=http&security=none#FIFI-np5kr0zr-60GB','available','',''),(210,3,'v2ray','vless://22fe7390-a2d1-4604-944a-2123a9381c0f@fifi1.persian-ping.top:2110?type=tcp&path=%2F&host=www.sourceforge.net&headerType=http&security=none#FIFI-maphq1fj-60GB','available','',''),(211,3,'v2ray','vless://65d330e7-a51e-4c92-bda5-90ca43b54c8f@fifi1.persian-ping.top:2110?type=tcp&path=%2F&host=www.sourceforge.net&headerType=http&security=none#FIFI-blcyclnw-60GB','available','',''),(212,3,'v2ray','vless://a9675536-ab80-4808-8455-085c9ef2c370@fifi1.persian-ping.top:2110?type=tcp&path=%2F&host=www.sourceforge.net&headerType=http&security=none#FIFI-m0qfxxfm-60GB','available','',''),(213,3,'v2ray','vless://012bcc03-b67c-458d-861e-6bc070e35cce@fifi1.persian-ping.top:2110?type=tcp&path=%2F&host=www.sourceforge.net&headerType=http&security=none#FIFI-4r05owcu-60GB','available','',''),(214,3,'v2ray','vless://57423ebd-02e0-48e0-b471-8cc4d273702d@fifi1.persian-ping.top:2110?type=tcp&path=%2F&host=www.sourceforge.net&headerType=http&security=none#FIFI-pxm1ei6h-60GB','available','',''),(215,3,'v2ray','vless://0f71c2fb-fa7a-4805-aa89-df228999f502@fifi1.persian-ping.top:2110?type=tcp&path=%2F&host=www.sourceforge.net&headerType=http&security=none#FIFI-pv20bf90-60GB','available','',''),(216,3,'v2ray','vless://83ac3cec-07f2-4b43-886b-8800db4e8d32@fifi1.persian-ping.top:2110?type=tcp&path=%2F&host=www.sourceforge.net&headerType=http&security=none#FIFI-yygrokuv-60GB','available','',''),(217,4,'v2ray','vless://8580fced-3f09-4260-873b-eaa4a509904b@fifi1.persian-ping.top:2110?type=tcp&path=%2F&host=www.sourceforge.net&headerType=http&security=none#FIFI-xrgnujh9-80GB','sold','467370873','2024-07-20'),(218,4,'v2ray','vless://0ee70649-e0aa-4e1f-9e3c-cd94d691a37a@fifi1.persian-ping.top:2110?type=tcp&path=%2F&host=www.sourceforge.net&headerType=http&security=none#FIFI-zr7t062f-80GB','sold','467370873','2024-07-20'),(219,4,'v2ray','vless://a0a9892f-377c-4ed8-87f1-533a1f2cb2fd@fifi1.persian-ping.top:2110?type=tcp&path=%2F&host=www.sourceforge.net&headerType=http&security=none#FIFI-79upzqbh-80GB','sold','467370873','2024-07-20'),(220,4,'v2ray','vless://27311a18-9fad-4658-8749-3e59b442c660@fifi1.persian-ping.top:2110?type=tcp&path=%2F&host=www.sourceforge.net&headerType=http&security=none#FIFI-zcrsn8n4-80GB','sold','467370873','2024-07-20'),(221,4,'v2ray','vless://186ecf1a-5052-417b-ab14-b495c1af21fb@fifi1.persian-ping.top:2110?type=tcp&path=%2F&host=www.sourceforge.net&headerType=http&security=none#FIFI-6bs9shoa-80GB','sold','467370873','2024-07-20'),(222,4,'v2ray','vless://301672e1-2733-45cc-8faf-c72d12cbf57e@fifi1.persian-ping.top:2110?type=tcp&path=%2F&host=www.sourceforge.net&headerType=http&security=none#FIFI-78zny5kr-80GB','sold','467370873','2024-07-20'),(223,4,'v2ray','vless://80f86da0-3d89-4b28-8bad-1480f3a1f967@fifi1.persian-ping.top:2110?type=tcp&path=%2F&host=www.sourceforge.net&headerType=http&security=none#FIFI-4053f5dd-80GB','sold','467370873','2024-07-20'),(224,4,'v2ray','vless://5bc93398-a306-486a-831d-5d427ef3fe3d@fifi1.persian-ping.top:2110?type=tcp&path=%2F&host=www.sourceforge.net&headerType=http&security=none#FIFI-m86uc05h-80GB','sold','467370873','2024-07-20'),(225,4,'v2ray','vless://7e94747e-3b94-48a3-b898-c594de131e06@fifi1.persian-ping.top:2110?type=tcp&path=%2F&host=www.sourceforge.net&headerType=http&security=none#FIFI-0rudikg1-80GB','available','',''),(226,4,'v2ray','vless://e360faf9-6999-442e-af91-80a390ca5aee@fifi1.persian-ping.top:2110?type=tcp&path=%2F&host=www.sourceforge.net&headerType=http&security=none#FIFI-pyar9wtc-80GB','available','',''),(227,4,'v2ray','vless://c4e2d04c-6432-4bdd-90a1-04061fba6eec@fifi1.persian-ping.top:2110?type=tcp&path=%2F&host=www.sourceforge.net&headerType=http&security=none#FIFI-3acwbchh-80GB','available','',''),(228,4,'v2ray','vless://af543d03-9e08-4d9d-a616-99b2b98f1ecc@fifi1.persian-ping.top:2110?type=tcp&path=%2F&host=www.sourceforge.net&headerType=http&security=none#FIFI-aakwa3pg-80GB','available','',''),(229,4,'v2ray','vless://40af3f36-b3a4-49f1-b1d0-7b095da60502@fifi1.persian-ping.top:2110?type=tcp&path=%2F&host=www.sourceforge.net&headerType=http&security=none#FIFI-mes8rlkc-80GB','available','',''),(230,4,'v2ray','vless://1ddd683d-f5a8-48ae-9429-47f34e57e8e6@fifi1.persian-ping.top:2110?type=tcp&path=%2F&host=www.sourceforge.net&headerType=http&security=none#FIFI-gfdq5nlw-80GB','available','',''),(231,4,'v2ray','vless://70068eb6-8e3e-450e-9861-32ea0488bd21@fifi1.persian-ping.top:2110?type=tcp&path=%2F&host=www.sourceforge.net&headerType=http&security=none#FIFI-xzmn1iql-80GB','available','',''),(232,4,'v2ray','vless://7acdaa44-e4cf-4a26-8a85-c9a1d9877680@fifi1.persian-ping.top:2110?type=tcp&path=%2F&host=www.sourceforge.net&headerType=http&security=none#FIFI-gjjxykh7-80GB','available','',''),(233,4,'v2ray','vless://4bfc4828-3dfe-475c-bd92-277cefc3c06a@fifi1.persian-ping.top:2110?type=tcp&path=%2F&host=www.sourceforge.net&headerType=http&security=none#FIFI-wgpp963b-80GB','available','',''),(234,4,'v2ray','vless://22a37423-9d59-4a12-9dfe-76c2a91b0c9c@fifi1.persian-ping.top:2110?type=tcp&path=%2F&host=www.sourceforge.net&headerType=http&security=none#FIFI-e6xwitn2-80GB','available','',''),(235,4,'v2ray','vless://ebb10087-dc33-4001-94e7-53d836e39288@fifi1.persian-ping.top:2110?type=tcp&path=%2F&host=www.sourceforge.net&headerType=http&security=none#FIFI-foy4hq9i-80GB','available','',''),(236,4,'v2ray','vless://3caf4074-a90d-4340-b89b-ad88852993cb@fifi1.persian-ping.top:2110?type=tcp&path=%2F&host=www.sourceforge.net&headerType=http&security=none#FIFI-izn9tspe-80GB','available','',''),(237,6,'v2ray','vless://10aaed21-dc83-411f-8ebc-63fa068a91ae@fifi1.persian-ping.top:2110?type=tcp&path=%2F&host=www.sourceforge.net&headerType=http&security=none#FIFI-wkhzq6c1-100GB','sold','-1601293969','2024-07-20'),(238,6,'v2ray','vless://4d0ea2ef-63a3-494e-b292-a4fef643e003@fifi1.persian-ping.top:2110?type=tcp&path=%2F&host=www.sourceforge.net&headerType=http&security=none#FIFI-8ajelkbs-100GB','available','',''),(239,6,'v2ray','vless://baa8fbf2-e9f0-4ffa-8c72-09ccca0edd48@fifi1.persian-ping.top:2110?type=tcp&path=%2F&host=www.sourceforge.net&headerType=http&security=none#FIFI-h0kexz19-100GB','available','',''),(240,6,'v2ray','vless://36a1af28-b054-4981-8ca3-c657e21c065c@fifi1.persian-ping.top:2110?type=tcp&path=%2F&host=www.sourceforge.net&headerType=http&security=none#FIFI-adnbe6al-100GB','available','',''),(241,6,'v2ray','vless://bb41c878-b75e-4dde-8a8b-4f09f70c3f2d@fifi1.persian-ping.top:2110?type=tcp&path=%2F&host=www.sourceforge.net&headerType=http&security=none#FIFI-py8ary78-100GB','available','',''),(242,6,'v2ray','vless://3234bc33-ebdf-45b4-8a6f-46899833e686@fifi1.persian-ping.top:2110?type=tcp&path=%2F&host=www.sourceforge.net&headerType=http&security=none#FIFI-0bhpshaw-100GB','available','',''),(243,6,'v2ray','vless://62fc00ce-a8f0-4a2d-8a71-36dfdd5aecbb@fifi1.persian-ping.top:2110?type=tcp&path=%2F&host=www.sourceforge.net&headerType=http&security=none#FIFI-p5i6ff5t-100GB','available','',''),(244,6,'v2ray','vless://eecd1477-199e-4172-95f7-2a712780d1d8@fifi1.persian-ping.top:2110?type=tcp&path=%2F&host=www.sourceforge.net&headerType=http&security=none#FIFI-bxs4w05m-100GB','available','',''),(245,6,'v2ray','vless://eff337ed-7bbe-4175-805a-4ee2dda036a4@fifi1.persian-ping.top:2110?type=tcp&path=%2F&host=www.sourceforge.net&headerType=http&security=none#FIFI-ep7v4it2-100GB','available','',''),(246,6,'v2ray','vless://7d58fd74-157b-4c48-b192-d1ad32e77b99@fifi1.persian-ping.top:2110?type=tcp&path=%2F&host=www.sourceforge.net&headerType=http&security=none#FIFI-kuil96q6-100GB','available','',''),(247,6,'v2ray','vless://29a16c6f-d820-4aa2-9be5-0737b842afd5@fifi1.persian-ping.top:2110?type=tcp&path=%2F&host=www.sourceforge.net&headerType=http&security=none#FIFI-w2vc4euz-100GB','available','',''),(248,6,'v2ray','vless://6abc650a-ba02-48b2-ad9e-0a873454e18e@fifi1.persian-ping.top:2110?type=tcp&path=%2F&host=www.sourceforge.net&headerType=http&security=none#FIFI-ygmkt5h2-100GB','available','',''),(249,6,'v2ray','vless://ed5d2a9d-6776-44e3-93c9-55bcb9c11a62@fifi1.persian-ping.top:2110?type=tcp&path=%2F&host=www.sourceforge.net&headerType=http&security=none#FIFI-404i0kg5-100GB','available','',''),(250,6,'v2ray','vless://d75fe474-e332-4d08-b802-cfef041d1bf4@fifi1.persian-ping.top:2110?type=tcp&path=%2F&host=www.sourceforge.net&headerType=http&security=none#FIFI-qaf0zyxx-100GB','available','',''),(251,6,'v2ray','vless://45641c15-0e3b-4dc3-b8ac-3ac477948d8e@fifi1.persian-ping.top:2110?type=tcp&path=%2F&host=www.sourceforge.net&headerType=http&security=none#FIFI-wi4tlmpy-100GB','available','',''),(252,6,'v2ray','vless://4ff388a9-1c5d-49e1-911a-66909f9a39dc@fifi1.persian-ping.top:2110?type=tcp&path=%2F&host=www.sourceforge.net&headerType=http&security=none#FIFI-jg2epvqh-100GB','available','',''),(253,6,'v2ray','vless://fa9e5b68-f8ff-44ac-bd73-1a87332eedee@fifi1.persian-ping.top:2110?type=tcp&path=%2F&host=www.sourceforge.net&headerType=http&security=none#FIFI-3l8neb1d-100GB','available','',''),(254,6,'v2ray','vless://9d41a74f-5798-468f-af7b-d5a908d98b5f@fifi1.persian-ping.top:2110?type=tcp&path=%2F&host=www.sourceforge.net&headerType=http&security=none#FIFI-oc0kxom2-100GB','available','',''),(255,6,'v2ray','vless://8fea744a-6a33-46f6-89a4-96fd99a9074b@fifi1.persian-ping.top:2110?type=tcp&path=%2F&host=www.sourceforge.net&headerType=http&security=none#FIFI-zufhw0ge-100GB','available','',''),(256,6,'v2ray','vless://17742955-97af-4fab-a876-cbcdac22dcbb@fifi1.persian-ping.top:2110?type=tcp&path=%2F&host=www.sourceforge.net&headerType=http&security=none#FIFI-db9rs3pj-100GB','available','',''),(257,1,'openvpn','fifi10GB1,PPing7356','sold','1335480231','2024-07-19'),(258,1,'openvpn','fifi10GB2,PPing6511','sold','1172169091','2024-07-19'),(259,1,'openvpn','fifi10GB3,PPing5800','sold','1305708758','2024-07-19'),(260,1,'openvpn','fifi10GB4,PPing6880','sold','594047145','2024-07-19'),(261,1,'openvpn','fifi10GB5,PPing2836','sold','1995783212','2024-07-19'),(262,1,'openvpn','fifi10GB6,PPing5942','sold','1127647035','2024-07-19'),(263,1,'openvpn','fifi10GB7,PPing2019','sold','851669487','2024-07-19'),(264,1,'openvpn','fifi10GB8,PPing9131','sold','1955710023','2024-07-19'),(265,1,'openvpn','fifi10GB9,PPing4766','sold','1835008621','2024-07-19'),(266,1,'openvpn','fifi10GB10,PPing7111','sold','-1601293969','2024-07-19'),(267,1,'openvpn','fifi10GB11,PPing9611','sold','-1601293969','2024-07-19'),(268,1,'openvpn','fifi10GB12,PPing5212','sold','1844836990','2024-07-19'),(269,1,'openvpn','fifi10GB13,PPing3485','sold','-1642566393','2024-07-19'),(270,1,'openvpn','fifi10GB14,PPing2366','sold','1305708758','2024-07-19'),(271,1,'openvpn','fifi10GB15,PPing9494','sold','1714178444','2024-07-20'),(273,1,'openvpn','fifi10GB17,PPing4262','sold','2032526830','2024-07-20'),(274,1,'openvpn','fifi10GB18,PPing3176','sold','-1960480163','2024-07-20'),(275,1,'openvpn','fifi10GB19,PPing9378','sold','1062093544','2024-07-20'),(276,1,'openvpn','fifi10GB20,PPing5009','sold','-1972583380','2024-07-20'),(277,1,'openvpn','fifi10GB21,PPing2868','sold','-1472359876','2024-07-20'),(278,1,'openvpn','fifi10GB22,PPing5127','sold','-1472359876','2024-07-20'),(279,1,'openvpn','fifi10GB23,PPing3437','sold','2139704193','2024-07-20'),(280,1,'openvpn','fifi10GB24,PPing2843','sold','464481784','2024-07-20'),(281,1,'openvpn','fifi10GB25,PPing9755','sold','967482536','2024-07-20'),(282,1,'openvpn','fifi10GB26,PPing6316','sold','1915582774','2024-07-20'),(283,1,'openvpn','fifi10GB27,PPing0364','available','',''),(284,1,'openvpn','fifi10GB28,PPing1892','available','',''),(285,1,'openvpn','fifi10GB29,PPing2236','available','',''),(286,1,'openvpn','fifi10GB30,PPing0255','available','',''),(287,2,'openvpn','fifi20GB1,PPing7090','sold','1605905812','2024-07-19'),(288,2,'openvpn','fifi20GB10,PPing1002','sold','1361362975','2024-07-19'),(289,2,'openvpn','fifi20GB11,PPing2636','sold','1922030063','2024-07-19'),(290,2,'openvpn','fifi20GB12,PPing2753','sold','1815093653','2024-07-19'),(291,2,'openvpn','fifi20GB13,PPing1257','sold','821324509','2024-07-20'),(292,2,'openvpn','fifi20GB14,PPing4564','sold','1830043330','2024-07-20'),(293,2,'openvpn','fifi20GB15,PPing4870','sold','1735836761','2024-07-20'),(294,2,'openvpn','fifi20GB16,PPing7440','sold','1075787612','2024-07-20'),(295,2,'openvpn','fifi20GB17,PPing1742','available','',''),(296,2,'openvpn','fifi20GB18,PPing3528','available','',''),(297,2,'openvpn','fifi20GB19,PPing7409','available','',''),(298,2,'openvpn','fifi20GB2,PPing1090','available','',''),(299,2,'openvpn','fifi20GB20,PPing4830','available','',''),(300,2,'openvpn','fifi20GB3,PPing2088','available','',''),(301,2,'openvpn','fifi20GB4,PPing5718','available','',''),(302,2,'openvpn','fifi20GB5,PPing1845','available','',''),(303,2,'openvpn','fifi20GB6,PPing3026','available','',''),(304,2,'openvpn','fifi20GB7,PPing9331','available','',''),(305,2,'openvpn','fifi20GB8,PPing2402','available','',''),(306,2,'openvpn','fifi20GB9,PPing2920','available','',''),(307,3,'openvpn','fifi40GB1,PPing6495','sold','-2061342482','2024-07-20'),(308,3,'openvpn','fifi40GB10,PPing4938','sold','2067147801','2024-07-20'),(309,3,'openvpn','fifi40GB2,PPing9767','available','',''),(310,3,'openvpn','fifi40GB3,PPing0365','available','',''),(311,3,'openvpn','fifi40GB4,PPing5052','available','',''),(312,3,'openvpn','fifi40GB5,PPing7776','available','',''),(313,3,'openvpn','fifi40GB6,PPing4824','available','',''),(314,3,'openvpn','fifi40GB7,PPing1960','available','',''),(315,3,'openvpn','fifi40GB8,PPing9927','available','',''),(316,3,'openvpn','fifi40GB9,PPing1102','available','',''),(317,4,'openvpn','fifi60GB1,PPing2551','available','',''),(318,4,'openvpn','fifi60GB10,PPing7863','available','',''),(319,4,'openvpn','fifi60GB2,PPing5021','available','',''),(320,4,'openvpn','fifi60GB3,PPing5496','available','',''),(321,4,'openvpn','fifi60GB4,PPing1344','available','',''),(322,4,'openvpn','fifi60GB5,PPing7986','available','',''),(323,4,'openvpn','fifi60GB6,PPing6494','available','',''),(324,4,'openvpn','fifi60GB7,PPing6411','available','',''),(325,4,'openvpn','fifi60GB8,PPing6744','available','',''),(326,4,'openvpn','fifi60GB9,PPing4551','available','',''),(327,1,'openvpn','fifi10GB3,PPing5800','available','',''),(328,1,'openvpn','fifi10GB11,PPing9611','available','',''),(329,1,'openvpn','fifi10GB10,PPing 7111','available','','');
/*!40000 ALTER TABLE `configs` ENABLE KEYS */;
UNLOCK TABLES;

--
-- Table structure for table `licenses`
--

DROP TABLE IF EXISTS `licenses`;
/*!40101 SET @saved_cs_client     = @@character_set_client */;
/*!40101 SET character_set_client = utf8 */;
CREATE TABLE `licenses` (
  `id` tinyint(4) DEFAULT NULL,
  `license_key` varchar(5) DEFAULT NULL,
  `status` varchar(3) DEFAULT NULL,
  `chat_id` varchar(0) DEFAULT NULL,
  `purchase_id` varchar(0) DEFAULT NULL,
  `config_type` varchar(0) DEFAULT NULL,
  `plan_type` varchar(0) DEFAULT NULL
) ENGINE=InnoDB DEFAULT CHARSET=utf8mb4;
/*!40101 SET character_set_client = @saved_cs_client */;

--
-- Dumping data for table `licenses`
--

LOCK TABLES `licenses` WRITE;
/*!40000 ALTER TABLE `licenses` DISABLE KEYS */;
INSERT INTO `licenses` VALUES (1,'start','set','','','','');
/*!40000 ALTER TABLE `licenses` ENABLE KEYS */;
UNLOCK TABLES;

--
-- Table structure for table `openvpn_plans`
--

DROP TABLE IF EXISTS `openvpn_plans`;
/*!40101 SET @saved_cs_client     = @@character_set_client */;
/*!40101 SET character_set_client = utf8 */;
CREATE TABLE `openvpn_plans` (
  `id` tinyint(4) DEFAULT NULL,
  `name` varchar(3) DEFAULT NULL,
  `price` mediumint(9) DEFAULT NULL
) ENGINE=InnoDB DEFAULT CHARSET=utf8mb4;
/*!40101 SET character_set_client = @saved_cs_client */;

--
-- Dumping data for table `openvpn_plans`
--

LOCK TABLES `openvpn_plans` WRITE;
/*!40000 ALTER TABLE `openvpn_plans` DISABLE KEYS */;
INSERT INTO `openvpn_plans` VALUES (1,'10G',50000),(2,'20G',79000),(3,'40G',110000),(4,'60G',189000);
/*!40000 ALTER TABLE `openvpn_plans` ENABLE KEYS */;
UNLOCK TABLES;

--
-- Table structure for table `purchased_configs`
--

DROP TABLE IF EXISTS `purchased_configs`;
/*!40101 SET @saved_cs_client     = @@character_set_client */;
/*!40101 SET character_set_client = utf8 */;
CREATE TABLE `purchased_configs` (
  `id` varchar(0) DEFAULT NULL,
  `user_id` varchar(0) DEFAULT NULL,
  `plan_id` varchar(0) DEFAULT NULL,
  `plan_type` varchar(0) DEFAULT NULL,
  `purchase_date` varchar(0) DEFAULT NULL
) ENGINE=InnoDB DEFAULT CHARSET=utf8mb4;
/*!40101 SET character_set_client = @saved_cs_client */;

--
-- Dumping data for table `purchased_configs`
--

LOCK TABLES `purchased_configs` WRITE;
/*!40000 ALTER TABLE `purchased_configs` DISABLE KEYS */;
/*!40000 ALTER TABLE `purchased_configs` ENABLE KEYS */;
UNLOCK TABLES;

--
-- Table structure for table `purchases`
--

DROP TABLE IF EXISTS `purchases`;
/*!40101 SET @saved_cs_client     = @@character_set_client */;
/*!40101 SET character_set_client = utf8 */;
CREATE TABLE `purchases` (
  `id` varchar(0) DEFAULT NULL,
  `chat_id` varchar(0) DEFAULT NULL,
  `license_key` varchar(0) DEFAULT NULL,
  `status` varchar(0) DEFAULT NULL,
  `purchase_id` varchar(0) DEFAULT NULL
) ENGINE=InnoDB DEFAULT CHARSET=utf8mb4;
/*!40101 SET character_set_client = @saved_cs_client */;

--
-- Dumping data for table `purchases`
--

LOCK TABLES `purchases` WRITE;
/*!40000 ALTER TABLE `purchases` DISABLE KEYS */;
/*!40000 ALTER TABLE `purchases` ENABLE KEYS */;
UNLOCK TABLES;

--
-- Table structure for table `referrals`
--

DROP TABLE IF EXISTS `referrals`;
/*!40101 SET @saved_cs_client     = @@character_set_client */;
/*!40101 SET character_set_client = utf8 */;
CREATE TABLE `referrals` (
  `user_id` bigint(20) DEFAULT NULL,
  `referrer_id` bigint(20) DEFAULT NULL
) ENGINE=InnoDB DEFAULT CHARSET=utf8mb4;
/*!40101 SET character_set_client = @saved_cs_client */;

--
-- Dumping data for table `referrals`
--

LOCK TABLES `referrals` WRITE;
/*!40000 ALTER TABLE `referrals` DISABLE KEYS */;
INSERT INTO `referrals` VALUES (95791213,1539853563),(154971228,2128879358),(187733839,187733839),(191483887,191483887),(198140328,676422924),(327944006,327944006),(357762456,676422924),(374067788,374067788),(408854352,408854352),(468751540,468751540),(475878053,1741916454),(493320883,493320883),(649927458,649927458),(676422924,676422924),(695309950,695309950),(712430290,712430290),(720432209,720432209),(830158155,676422924),(851669487,851669487),(883023445,-1653099543),(926118084,926118084),(985377395,985377395),(1075787612,1075787612),(1090627951,1090627951),(1105738827,1105738827),(1125039033,1125039033),(1140151272,1140151272),(1172169091,1172169091),(1204535791,1204535791),(1235745014,1235745014),(1241981598,2101657228),(1247643846,1247643846),(1266404867,1266404867),(1277277872,1277277872),(1366839482,1366839482),(1380580886,1380580886),(1388942311,1388942311),(1415060604,1415060604),(1429200049,1429200049),(1473522629,1473522629),(1483666984,1483666984),(1491894534,1491894534),(1492005041,1492005041),(1504360383,1504360383),(1603087436,1603087436),(1628033434,1628033434),(1702246783,1702246783),(1724174355,-1251552396),(1740940335,1740940335),(1795272240,1795272240),(1836123875,1836123875),(1903429378,1903429378),(1920609654,1920609654),(1962591907,1962591907),(1991605746,1991605746),(1994266789,1994266789),(2038153913,2038153913),(2043243467,2043243467),(2065864060,2065864060),(2083220799,1136775611),(2087706909,2087706909),(2095395638,2095395638),(2117663779,2117663779),(746320507,746320507),(762591746,-1956984805),(764545812,764545812),(786878576,766372580),(795304809,795304809),(797873304,797873304),(800421677,800421677),(858652295,858652295),(889101359,889101359),(903794429,903794429),(908879051,1832338998),(911384549,911384549),(916616054,916616054),(932924109,932924109),(950241886,950241886),(953213452,953213452),(1031830085,1031830085),(1158507367,1158507367),(1175583618,1175583618),(1175891819,1175891819),(1183967779,1183967779),(1187082304,1187082304),(1217628763,1217628763),(1218486616,1218486616),(1254194812,1254194812),(1258606599,1258606599),(1262178881,1262178881),(1291869051,1291869051),(1301409533,-1653099543),(1316867274,1316867274),(1317779046,1317779046),(1329098787,1329098787),(1344645847,1344645847),(1352151235,1352151235),(1361707340,1741916454),(1363709847,1363709847),(1381605746,1381605746),(1383462726,1383462726),(1386252483,1386252483),(1389653996,1389653996),(1418313343,-1653099543),(1424417247,1424417247),(1478345851,1478345851),(1488651158,1488651158),(1494812683,1494812683),(1495507135,1495507135),(1506120879,-1593697795),(1507718812,1305708758),(1508647435,1508647435),(1512728878,1512728878),(1522959129,1923009366),(1534033362,1534033362),(1557432798,1557432798),(1568475072,1568475072),(1573295775,1573295775),(1586063032,1586063032),(1616306032,1994266789),(1618619767,1618619767),(1627369410,-1601293969),(1638847355,-1420242134),(1651433393,1651433393),(1681905219,1681905219),(1691098945,1691098945),(1695563901,1695563901),(1699911668,1699911668),(1711272527,1711272527),(1714543205,-1195086605),(1737794956,1737794956),(1741916454,1741916454),(1749696291,1749696291),(1755819661,1755819661),(1770047730,1770047730),(1777363711,1755819661),(1815093653,1815093653),(1820105857,1820105857),(1828512148,1828512148),(1832338998,1832338998),(1842064176,1543048851),(1849061723,1849061723),(1875383829,1875383829),(1881932381,1881932381),(1902573739,1902573739),(1909443739,1909443739),(1909552125,1909552125),(1910953073,1910953073),(1913863771,1913863771),(1916613388,1916613388),(1938239678,1938239678),(1952040557,1952040557),(1952927442,1952927442),(1955162968,1955162968),(1964837161,1964837161),(1966863905,1966863905),(1969358438,1969358438),(1969412120,1969412120),(1975039666,1832338998),(1976561044,1976561044),(1984831585,1984831585),(1990951201,1990951201),(2004931600,2004931600),(2017117395,2017117395),(2019368825,2019368825),(2025428978,2025428978),(2029816557,2029816557),(2030506546,2030506546),(2041008808,1125039033),(2068392152,2068392152),(2092718123,2092718123),(2095328949,-1653099543),(2101657228,2101657228),(2103089431,2103089431),(2108915417,-1733759385),(2124247121,2124247121),(2128879358,2128879358),(2139787774,2139787774),(2140676232,2140676232),(2142968882,2142968882),(2145064493,-1956984805),(-2146864174,-2146864174),(-2144367128,-2144367128),(-2138160160,-2014260357),(-2136373431,-2136373431),(-2127727513,-2127727513),(-2119704747,-2119704747),(-2104854649,-1855238029),(-2099946062,1316867274),(-2097884548,-1900512272),(-2088065723,-2088065723),(-2085924151,-2085924151),(-2084758426,-2084758426),(-2083267199,-2083267199),(-2080833545,-2080833545),(-2070897486,-2070897486),(-2067783941,-2067783941),(-2065063788,-1504424940),(-2048869365,-2048869365),(-2013861605,-2013861605),(-2012158967,1345320252),(-2010826658,-2010826658),(-2008176423,-2008176423),(-1995187775,-1995187775),(-1968150679,-1968150679),(-1966844988,-1966844988),(-1965392269,2114741558),(-1959406321,-1959406321),(-1947841223,-1947841223),(-1947462520,-1947462520),(-1944561621,-1944561621),(-1932915052,-1593697795),(-1924293271,-1924293271),(-1921344177,-1921344177),(-1898803436,-1898803436),(-1892943801,-1892943801),(-1889617356,-1889617356),(-1872770521,1343149011),(-1868282677,1681905219),(-1867416086,-1867416086),(-1866774040,-1866774040),(-1855238029,-1855238029),(-1843261922,-1843261922),(-1825644152,-1825644152),(-1812608316,-1812608316),(-1767670777,-1665026648),(-1759665057,-1759665057),(-1753706102,-1753706102),(-1751227167,-1751227167),(-1744580657,-1744580657),(-1744216876,-1744216876),(-1743963335,2114741558),(-1727529403,-1727529403),(-1722091756,-1722091756),(-1706328817,-1706328817),(-1705899243,-1705899243),(-1702609300,-1702609300),(-1675731461,1679301611),(-1673064991,-1673064991),(-1669812848,-1669812848),(-1667731447,-1667731447),(-1653099543,-1653099543),(-1639228774,-1639228774),(-1623235785,-1623235785),(-1611217233,493320883),(-1611203523,-1611203523),(-1601293969,-1601293969),(-1593697795,-1593697795),(-1591701440,-1591701440),(-1580513088,-1580513088),(-1570322744,-1570322744),(-1566054904,1317779046),(-1563108699,-1563108699),(-1558479653,800421677),(-1555395773,-1555395773),(-1554933224,-1554933224),(-1547832032,983463934),(-1537866247,1702246783),(-1532803655,-1532803655),(-1531323313,2139787774),(-1527621709,-1527621709),(-1521853064,-1521853064),(-1520849012,-1520849012),(-1520282138,-1520282138),(-1506939394,-1506939394),(-1504424940,-1504424940),(-1502796257,-1502796257),(-1479596703,-1479596703),(-1476153365,-1555395773),(-1470800398,-1470800398),(-1464843400,-1464843400),(-1460195655,1491894534),(-1454355925,-1454355925),(-1453620981,1217628763),(-1449123195,2083466748),(-1448078892,1617704600),(-1443187749,-1443187749),(-1441836246,-1441836246),(-1440500136,-1440500136),(-1431262197,-1431262197),(-1422473934,-1422473934),(-1420242134,-1420242134),(-1419549008,-1419549008),(-1419293712,-1419293712),(-1400301643,1741916454),(-1395329421,1429200049),(-1389520278,1741916454),(-1365528844,1233069843),(-1364928625,-1364928625),(-1333970600,1699911668),(-1333953734,-1333953734),(-1325065469,-1325065469),(-1317504940,-1317504940),(-1315701912,-1315701912),(-1307500823,1339705923),(-1306304827,-1503202320),(-1289186226,-1289186226),(-1277837282,-1277837282),(-1276818154,1343149011),(-1273841486,-1273841486),(-1271221654,1825532735),(-1258521420,-1258521420),(-1255893970,1543048851),(-1251552396,-1251552396),(-1231635192,-1231635192),(-1228037727,2114741558),(-1205484935,-2007497045),(-1195086605,-1195086605),(-1187843008,-1187843008),(-1181210787,-1181210787),(-1164864315,1909443739),(-1158083038,-1889617356),(-1138935468,2095395638),(-1094476205,-1094476205),(-1090842986,-1090842986);
/*!40000 ALTER TABLE `referrals` ENABLE KEYS */;
UNLOCK TABLES;

--
-- Table structure for table `sqlite_sequence`
--

DROP TABLE IF EXISTS `sqlite_sequence`;
/*!40101 SET @saved_cs_client     = @@character_set_client */;
/*!40101 SET character_set_client = utf8 */;
CREATE TABLE `sqlite_sequence` (
  `name` varchar(13) DEFAULT NULL,
  `seq` smallint(6) DEFAULT NULL
) ENGINE=InnoDB DEFAULT CHARSET=utf8mb4;
/*!40101 SET character_set_client = @saved_cs_client */;

--
-- Dumping data for table `sqlite_sequence`
--

LOCK TABLES `sqlite_sequence` WRITE;
/*!40000 ALTER TABLE `sqlite_sequence` DISABLE KEYS */;
INSERT INTO `sqlite_sequence` VALUES ('openvpn_plans',4),('v2ray_plans',6),('configs',329),('config_files',12),('licenses',1);
/*!40000 ALTER TABLE `sqlite_sequence` ENABLE KEYS */;
UNLOCK TABLES;

--
-- Table structure for table `users`
--

DROP TABLE IF EXISTS `users`;
/*!40101 SET @saved_cs_client     = @@character_set_client */;
/*!40101 SET character_set_client = utf8 */;
CREATE TABLE `users` (
  `chat_id` bigint(20) DEFAULT NULL,
  `name` varchar(64) DEFAULT NULL,
  `phone_number` varchar(13) DEFAULT NULL
) ENGINE=InnoDB DEFAULT CHARSET=utf8mb4;
/*!40101 SET character_set_client = @saved_cs_client */;

--
-- Dumping data for table `users`
--

LOCK TABLES `users` WRITE;
/*!40000 ALTER TABLE `users` DISABLE KEYS */;
INSERT INTO `users` VALUES (37947841,'һѧԀıs._.',''),(39290994,'مجید','989301937753'),(42042404,'Amir',''),(60470987,'مَصی','989370120916'),(82608072,'ð§¸ð',''),(95791213,'NGin','989142887047'),(100740911,'Zahra','989187750084'),(106436099,'Sabri','989399753857'),(107493806,'˙·٠•●♥amiraliHosseini♥●•٠·˙',''),(107962606,'Masomej','989149200197'),(118164276,'ð',''),(123859996,'afshine','989388422925'),(130911024,'Ali',''),(154971228,'نرگس','989398168516'),(155621105,'⁪⁬⁮⁮⁮⁮ ⁪⁬⁮⁮⁮⁮','989038118543'),(158688466,'pejman','989125362153'),(170091880,'T ¤ |-| € D','989146555343'),(176636872,'Matin','989332651761'),(183327136,'mahdi','989140432741'),(187382909,'AgHa ReZa','38761166161'),(187733839,'رضا','989143895457'),(191483887,'Masuodok','989903589256'),(198140328,'╆❂ ð­ ʝậύắŤíð­‌‌❂ ','989354301862'),(207239637,'آرمینا','989163677967'),(209406347,'Milad','989398832320'),(228436695,'mahdi',''),(264413235,'FATEH',''),(269531113,'Victorshop','989033337348'),(272731839,'نايس',''),(288045168,'sina','989186772501'),(298623596,'ðــــــــ',''),(307569119,'Brukanlu','989302057628'),(326306176,'A','989017192159'),(327944006,'《P a r h a m 0 2 1》','989360989636'),(335869815,'theFe','989176941863'),(336018325,'Ar',''),(354627096,'vampire',''),(357762456,'SoBhan','989376373867'),(368409422,'Abolfazl','989391740586'),(369458682,'♤',''),(374067788,'~_~Amirali~_~','989901169189'),(384939842,'ðMeh',''),(392460586,'⍆❋ð§❤️ALI.FADAYI❤️️','989330468417'),(395284220,'ðð','989309493399'),(395931954,'SORENA','989039602032'),(408854352,'ð','989152804764'),(418727358,'Erfan','989106179461'),(432840133,'Taymaz',''),(437194926,'ṃḁḧḓḯ',''),(441740722,'moein','989135882813'),(444298783,'Master','989195546798'),(452211283,'saji','989028449353'),(460247457,'Soheil','989370025341'),(464481784,'ððð ','79660633610'),(467370873,'Arsalan','989307186654'),(468751540,'alið','989339227003'),(469966051,'MΛMRΞZ','989390450610'),(475878053,'somaye','989117253783'),(477376150,'OMID','989397330586'),(482722853,'আলী','989351226863'),(484891654,'»«ð®ð','989910762124'),(486320263,'h.','989113728442'),(493320883,'Kazim','989308523974'),(494197025,'Arya','+989130942381'),(496729606,'iliya','989380144164'),(497390567,'Ali','989134782716'),(497814985,'ð','989039210939'),(509182159,'Najeeb',''),(529883519,'Mohadeseh Khoshkam',''),(532691600,'Ali ♡♡','989901804306'),(547389356,'•••!','989337616994'),(559820005,'Paria','989057672075'),(561898663,'ð¼ðð','989911810976'),(566688341,'ꫝꫀꪑꪀ','989050361807'),(577112726,'⁪⁬⁮',''),(594047145,'A','989162623677'),(595204475,'Reza','+989058560464'),(600077807,'Mahdi','989370787996'),(607262495,'Bruh','989916709883'),(609756711,'Behzad','989224528121'),(610358204,'ð ð','989381321072'),(624982815,'Firouzeh','46739570408'),(631749009,'༎ð£ð  ꯭͞ᴋ꯭͞ɪ͞ɴ꯭͞ɢ͞ ꯭͞ᴀ͞ʟ꯭͞ɪ','989017363847'),(643432476,'mmd','989224525901'),(648025995,'Meli','639971705254'),(649927458,'To,+18','989178054865'),(665536644,'☻',''),(671728637,'Abolfazl',''),(676422924,'ðð','46730281133'),(695309950,'غریبه','989309034980'),(698514757,'حسین‌م','989164141933'),(708239219,'Rez','989012791635'),(712430290,'Mohammad','989360290537'),(716058708,'˙·٠•●♥ amoo sharif ♥●•٠·˙','989109111612'),(718249968,'amirabbas','989032464484'),(720432209,'مانی','989185200264'),(741746534,'ðð','989057239974'),(750623065,'.......','989917239470'),(768681757,'ððð','989169889042'),(773905912,'Mahdi','989140297924'),(778833833,'amir','989903749039'),(780518854,'ð¤sobh','989104455945'),(780528129,'Unknown','989052911680'),(784423233,'.',''),(799574527,'Onine','989929648634'),(799882908,'SS21','989335622764'),(815013394,'JAVAD','989368479810'),(818958355,'Moon',''),(819300481,'Arshia','989120758007'),(821324509,'Mohammad','989039850827'),(823208421,'moein','989300827054'),(830158155,'✨F i F i✨','989052138945'),(834302186,'ð¤Karbalai Mohse','989304866221'),(845961364,'.','989303697236'),(848793561,'Alireza','989182071995'),(849866712,'Hossein','989915202334'),(851669487,'SHAHIN','989031043768'),(859536945,'Raisi','989919870271'),(868897247,'VALID AHVAZI','989051281184'),(883023445,'Ftmh','989019477211'),(884079364,'Akil',''),(890016396,'Ali reza','989174126822'),(895531065,'PERSIA VPN | Support','989923091947'),(901139506,'‌‌‌‌‌‌‌‌‌‌─┅═❥♡⋅⊰ܟ̇ܦ‌ܒ‌ࡅߺ߳ߺࡉ ܢ̣ࡆ᪴ࡑ‌⊱⋅♡❥═┅─','989032884404'),(906124783,'hamid',''),(913217026,'reza.sa','989036160036'),(922522124,'Saber',''),(925630896,'ℳℰℋð','989395799986'),(926118084,'Reza','989384324593'),(926676503,'Amir.hosein','989917438696'),(930526465,'Packman','989039770129'),(944224855,'رضا','989030871873'),(953200954,'ð','989146239582'),(958946805,'Om Hoda',''),(962651092,'ð',''),(963643335,'alirezagolizade',''),(965083932,'im_Amin',''),(967482536,'ðð','989338577576'),(975044504,'ðAm',''),(979890232,'Mr peace','989032009212'),(980610152,'Nima','989173665774'),(985377395,'♡','989034083706'),(990617595,'farshad5710','989025035710'),(993462200,'ð ',''),(994297116,'ð¶','989184894388'),(999838112,'✶❈ ðð','989192278089'),(1004957014,'Danial','989144446587'),(1007664948,'M.reza.2008',''),(1034170035,'Mohamad',''),(1034219009,'Sadra','989031219894'),(1036454164,'ððð','989308808792'),(1042972509,'Ali',''),(1050815392,'NICETRYYY',''),(1054080393,'ð´ð',''),(1058198453,'▿↯ꜛꜜᶤᔿ⸼۠⊆ðððð','989386348007'),(1060383943,'MƗŁȺĐ','989333128787'),(1062419524,'NOBODY',''),(1065479151,'ꪖð£','989920472358'),(1068602530,'احسان','989050785257'),(1072161437,'A|ReNgEr','989381146086'),(1075787612,'chefs .mohamad','989053216109'),(1077550943,'M 7 B','989228949263'),(1085237305,'.','989930055802'),(1089952127,'Amirali','989914941749'),(1090627951,'sam','989010686161'),(1096262767,'مِیتی',''),(1096359963,'JonSnow','989031240109'),(1103679695,'عبدالرحمن','989373924405'),(1105738827,'ᴀᴍɪʀ','989911731341'),(1107351256,'Hosein','989396307999'),(1112382745,'Amirturk33',''),(1121286190,'イリヤ・ロズガー','989929446683'),(1125039033,'taha','989046128155'),(1125359982,'Mr Eidozahi',''),(1133111419,'محمد',''),(1140151272,'Arshiyap','989014689907'),(1147428961,'PARSA',''),(1152721168,'ðð',''),(1162112521,'VIP','989156298969'),(1164248841,'its_.amir0','989919173267'),(1167018940,'Mansor','989900927233'),(1168825657,'ðð¢ð','989353178532'),(1172169091,'amir','989389686228'),(1172764679,'xsɮɛɦռaʍ 03:36','989116816021'),(1178178239,'ıllıllı ﾶﾑんりﾉ ıllıllı','989930470962'),(1182321518,'AMIR',''),(1184354778,'shadmehr','989377388949'),(1198059293,'Eɾϝαɳ',''),(1198703912,'ðð','989355555360'),(1199052882,'Aren','989308679949'),(1203817959,'leo.sina','989015482219'),(1204535791,'Mahdi','989919626657'),(1216269654,'Erfan','989165802280'),(1217497155,'BATMANð','989118507048'),(1219529740,'Abolfazl.AFN','989058411093'),(1227825504,'jjkare1re','989384163443'),(1227860462,'ㅤㅤð©†ð','989027115113'),(1235745014,'Soheil','989011018877'),(1241981598,'ð¾ð','989050589966'),(1247643846,'ð','989031055636'),(1249878859,'saryeh',''),(1252518813,'ᴘᴏᴜʏᴀɴ','989376880499'),(1255698377,'Bð','989148187241'),(1257336986,'Alireza',''),(1257655364,'Ali','989020556122'),(1265326177,'Md','918409540536'),(1266404867,'.','989930777132'),(1268897790,'PAYA','989944978001'),(1272000660,'Mehrdad','989135235284'),(1277277872,'kami','989915098275'),(1296398084,'ممدۆفسکی','989185227713'),(1297037777,'jamshid0023u','989058739365'),(1298398193,'سید مهدی امام','989128308677'),(1305017683,'saber sj',''),(1305708758,'ð','14698061804'),(1306994672,'Amir','989174897264'),(1310460014,'H',''),(1313209208,'Saif',''),(1319388038,'Naser.gh','989915150828'),(1322631668,'Alireza',''),(1323921032,'P.O.U.Y.A','989015937474'),(1325299922,'Parham','989333506588'),(1326813265,'Mahdi','989012228380'),(1328222968,'SHD_REC','989039709697'),(1332519766,'Sajad','989394857020'),(1334998969,'Asal.','989170620336'),(1335480231,'FBI','989965558776'),(1355666233,'F','989924070112'),(1359927938,'.','989175767644'),(1361362975,'gholm.r.e','989301858390'),(1366839482,'Jamal','989333827267'),(1374143931,'ZEROX⚡️','989909996213'),(1380580886,'a._.irani1384','989164209932'),(1388942311,'ð´','989016986294'),(1391575471,'خسته',''),(1393659823,'ALI','989336233624'),(1395001487,'m',''),(1396263140,'Ayan',''),(1403280363,'ð',''),(1406023108,'Bargð','989045139594'),(1408489223,'#Mohammad Ali',''),(1409348061,'ThE','989385229856'),(1412264005,'ð',''),(1412271908,'؟','9647759291659'),(1415060604,'mosi','989924828357'),(1417346827,'K.G.P',''),(1422110352,'PARA',''),(1423827161,'ðð','989187190483'),(1423975753,'TEOS','14385543404'),(1424648236,'A','989371249893'),(1429200049,'آنلاین','989924468748'),(1431169642,'Alireza',''),(1433093945,'\"•\"','989399739516'),(1436690539,'Roni:/','989137098486'),(1437349590,'Mᴍᴅ','989132139531'),(1446096399,'Amir','989397918821'),(1456015904,'ð ð ð','989133208665'),(1460620947,'X','989017925670'),(1463831268,'Kamran0523','989933860523'),(1469715789,'ⁱᵐᴬᴹᴵᴺ','989921627950'),(1470571580,'Pouria',''),(1473126425,'IlIyA','989928843789'),(1473522629,'bamdad','989046941218'),(1483630190,'Aref.avareh','989306923317'),(1483666984,'hosein','989359611737'),(1489743814,'benyamin',''),(1490057762,'Aš¤KING','989010586419'),(1491611731,'رایان','989938304735'),(1491894534,'Mahdi','989100261573'),(1492005041,'VIP','989152764409'),(1504360383,'M','989397170325'),(1511463155,'.ℳสરყăრ.',''),(1518913233,'♕','989924059252'),(1524030550,'ARIAN',''),(1530390405,'Erfan','989982301893'),(1533109317,'༺༻','989922847400'),(1541556104,'miad','989305930214'),(1554509356,'ẞhãyãñ','989908273704'),(1563179296,'MAHAN','989212864318'),(1566185246,'B A R D I A','989162425661'),(1569736436,'Arshia','989142428130'),(1571342815,'ð','989926282588'),(1595318207,'hes','989017481386'),(1603087436,'Matin,amraei','989045204122'),(1604035346,'ㅤㅤㅤㅤㅤㅤㅤㅤㅤㅤㅤㅤㅤㅤstrangeboyㅤㅤㅤㅤㅤㅤ','989053125157'),(1605905812,'Kourosh','989908969592'),(1613730486,'Mostafa','989029716711'),(1619602343,'MeHdi','989106435066'),(1624373608,'xx\"__h_a_m_i_d__\"xx','989174517527'),(1628033434,'ام','989033398551'),(1631928505,'Morteza','46700458718'),(1632168860,'S K.',''),(1633811160,'Mehrdad','15482967072'),(1642077020,'Nawid','93773264035'),(1644826570,'ð¤´ ð® ð',''),(1657246860,'H_A_M_I_D','989022412602'),(1657755884,'amir','989334503476'),(1658835194,'komar','989921198200'),(1659218473,'محمد امین','989906731940'),(1664480010,'ðð','989175288168'),(1665878715,'Ali','989924229010'),(1673843714,'ð','989032086981'),(1680857408,'mmd','989174529027'),(1681414558,'محمد','989140577499'),(1681914454,'ℳð',''),(1683417073,'R7×TV',''),(1690639663,'Aboobakr','989159694101'),(1691369471,'1.','989149980897'),(1702246783,'A M I R','989902423041'),(1711183823,'KAFAR','989367464568'),(1712610419,'høßęïń','989024202780'),(1714178444,'AMIR','989913324125'),(1718797880,'mohammaad_es','989178797082'),(1723158134,'MEHDI','989334599340'),(1724174355,'Rolah','989021875891'),(1734062356,'ˢᵒʰᵉⁱˡ ᵏʰᵃˡᵉᵈᵃᵇᵃᵈⁱ','989051027572'),(1740940335,'amir','989100060802'),(1747826435,'✌',''),(1748829600,'s a j a d',''),(1755421421,'Shadow',''),(1763718237,'Mani',''),(1765161008,'.......؟','989900534382'),(1766885817,'emran.gorgij',''),(1779209923,'qeshmi','989905553499'),(1782479148,'Rezuhonarmnd','989393688404'),(1783152830,'Abolfazl','989103502427'),(1790255923,'ArMaN','989916036786'),(1795027099,'(:','989170471343'),(1795272240,'mosabtab','989057183846'),(1797478251,'Ok','989372737407'),(1801522811,'A_Niazmand','93707982980'),(1803590892,'.','989187925275'),(1803877533,'ابوالفضل','989011099458'),(1807736759,'$',''),(1809224368,'Amir _ahmady','989228229353'),(1812684175,'بدون','989030696548'),(1816694355,'ahmad','989391904635'),(1817902878,'Amirð','989922604612'),(1818927811,'ð·ð','989934615328'),(1829619763,'S i n a','989039635362'),(1831051538,'Erfan','989923805498'),(1832759313,'┌►͢ᶦᵐ ᴛ ᴀ ʜ ᴀ┌►͢ᶦᵐ','989378131937'),(1834492929,'ð¸ððð','989192607461'),(1835008621,'.............¥¥£','989392818864'),(1835329345,'Heydari Bozorg','989962994266'),(1836123875,'mehrshad','989170950182'),(1837648305,'Nima','989301416761'),(1839774724,'Ræhīl','989335221017'),(1839977988,'ð¼ð','989196777501'),(1846012409,'Amirali','989909145160'),(1847517116,'علی','989382706906'),(1848894830,'شهرام','989175591984'),(1849570868,'Ariya',''),(1856246636,'SAEED','989030169619'),(1877963021,'طیب',''),(1878246654,'Pooya','989212431183'),(1885811112,'reza','989154914018'),(1887093633,'rahim cfz',''),(1888927433,'YAHYA','905510312669'),(1889721059,'yasin','989033238365'),(1893359663,'ð','989303194973'),(1901344386,'ERFAN',''),(1902273084,'tiger',''),(1903429378,'WIZITORð','989114497350'),(1914090902,'Sami',''),(1914868072,'yasan','989917631646'),(1915582774,'Sinai','989392810470'),(1918096876,'مجتبی',''),(1920609654,'Mohammad','989142960720'),(1922030063,'میرفت','989905574234'),(1925733333,'Amir','989221513677'),(1929913690,'ð¥·1v1NO Clo','989378345337'),(1931032573,'^_^','989044023759'),(1931223926,'Aliakbar','989140900717'),(1937201982,'Yo88na','989025268789'),(1948055770,'Ati..',''),(1953281613,'moeid','989360431810'),(1953910241,'R A','989929526902'),(1957606354,'edo.voss','989389568766'),(1960381465,'kasra','989014517673'),(1962591907,'NAVID','989925015546'),(1976668610,'ATA','989940433255'),(1981527685,'ð','12172828441'),(1991213993,'Ramin','989921449482'),(1991605746,'شهریار','989939745464'),(1993257365,'Reza','989938462578'),(1994266789,'♡.ð','989928277408'),(1994432872,'Mohamad','989365595969'),(1995774986,'Esmail','989392491726'),(1996502431,'ALIREZA','989015982206'),(1998619660,'Reza',''),(2009228830,'A',''),(2013877382,'Mahdi',''),(2016963246,'Esmaeel','989016293667'),(2017689380,'arshia','989196165196'),(2027149983,'ðð«ð',''),(2027822673,'ðð','989140922894'),(2033511013,'belal_jl','989039819044'),(2037070156,'Bad boy','989920296382'),(2038153913,'ðð ð❀ð','989152861791'),(2040874555,'Golinia',''),(2043243467,'Aboliii','989174796358'),(2046411326,'3lham Orya','93731256949'),(2046994662,'عبد الرحمن',''),(2047861216,'.....','989104452451'),(2049843432,'M a j e d',''),(2052972854,'ÂŘÂŠĤ',''),(2057211072,'mir.sardar','989933407350'),(2059316925,'خدای مناطق محروم ð','989371492117'),(2060005015,'Amir_mhmd','989392708764'),(2063808046,'سامان',''),(2065582994,'Shayan','989396438589'),(2065864060,'araz','989189972991'),(2067162592,'Ali','989393839927'),(2068062414,'BeHRaD','989372271947'),(2076979710,'Aris','989925048725'),(2083220799,'ð´ð','989132348757'),(2087706909,'Ntjmw','989364116126'),(2089538084,'Mani','989388658462'),(2092182818,'MAMAD','989172021788'),(2095395638,'Amir','989164532947'),(2096803800,'ð¸ðð',''),(2097362623,'F','989182196249'),(2103379776,'saleh','989030963556'),(2110481525,'saro',''),(2112351588,'Poya','989193085915'),(2117663779,'Amir','989338462172'),(2125219841,'Sadegh',''),(2136540655,'Mani',''),(2140045308,'⁪⁬⁮⁮⁮','989920111848'),(2140316485,'ðð','989916034568'),(2145766222,'BEHROZ',''),(2146458377,'ðMah','989160969021'),(714094603,'Eilia','989184659211'),(720568099,'sarbazii',''),(723234114,'Mohamad','989170646546'),(724736454,'s1ukuna','989053202415'),(746320507,'MMD','989218470215'),(747551693,'Æríæñ','989055069169'),(747973421,'aryan','989184723919'),(749954272,'aref',''),(761546313,'CR7','989152711315'),(762591746,'MOHAMMAD','989107781596'),(763733928,'محمد','201027716192'),(764545812,'Amir_h_00_7','989164985144'),(766082777,'ALI','989173455853'),(766372580,'ðð','14234181929'),(767042945,'iliabm',''),(769296831,'Manny','989395391254'),(772983780,'mo3tafa.ll98','989306228588'),(777208656,'Arshiað','989177585394'),(777429084,'ðð¦','992111412007'),(786109391,'سمالزی','989960802708'),(786878576,'-','989227850029'),(789582137,'MaHdi',''),(791507907,'Mr','989136327801'),(795304809,'个ＯＳＫＡＲ','989303942358'),(796585451,'Sorena','989963852755'),(797873304,'.','989383201028'),(798545468,'Artin','989173968346'),(800421677,'ᴍᴍᴅ ꜱᴀꜰᴀ','989031325125'),(800568587,'عارف',''),(808459980,'ewr_mahan','989945337577'),(811219180,'Mahdi.yo','989334651606'),(811407463,'-_-','989019667872'),(816680485,'amir','989050934109'),(827471263,'mohamdcr7','989331595997'),(834669239,'eugeo eldoriyan yex','989360446728'),(844372964,'Mamad','989391435978'),(851321705,'DARK','989051435372'),(855195920,'sina.jr','989331097884'),(857975170,'بنیامین','989382393049'),(858652295,'Amir','989917209157'),(862036483,'ماهر','989300664082'),(866674734,'amir......','989053782644'),(880274851,'OOF수PITRO IG','989017195225'),(880709998,'ð','989057820620'),(881475953,'محمد','989044434592'),(889101359,'Hossein','989178582667'),(889463292,'Mohamad','989352441015'),(893100682,'notcoin','989339002081'),(897476066,'IDK.','989926289503'),(901815793,'AliReza','989397482318'),(903649727,'Sara',''),(903794429,'▒▓█►─═.KING . BESOO .═─◄█▓▒','989915001419'),(905290330,'محمد مهدی','989182183817'),(905518299,'Yousef','989916384721'),(908879051,'امیر','989397415566'),(911384549,'H.','989392601179'),(912905172,'MATIN','989020736300'),(916616054,'erfan k','989033428710'),(916657176,'javab','989330906583'),(921180717,'ð¶ð¸ð','989176385065'),(921839068,'.','263777720633'),(926501853,'Omid',''),(928222797,'ð»ð','989928718905'),(932924109,'(⁠☞⁠^⁠o⁠^⁠)⁠ ⁠☞','93782940858'),(934509847,'mostafa','989337360981'),(937359188,'Emran♡','989379487161'),(947640931,'ð','989198359927'),(950241886,'FBA','989336734684'),(953213452,'ATOM','989911385638'),(960652129,'ð ','989001900185'),(964287409,'ℳℴðð','989138509678'),(964773575,'aeda.n313','989363121681'),(972226167,'حسین','989165590946'),(972283997,'erfan','989381915594'),(972355165,'MMD','989020844791'),(974047177,'amir','989044741675'),(978246854,'abbas',''),(979918857,'KING.REZA',''),(983463934,'Nima','989367377214'),(988733186,'Yregsd','989199573245'),(989800912,'ðð','989380395068'),(995845767,'I AM NOT ME','989104155809'),(996349957,'Yasin','989928953364'),(1001367749,'☻♡♤♡☻','989931411754'),(1009690537,'ŠÎÑÂ','79853355859'),(1016418200,'mehdi','989913249102'),(1031510940,'A M I N','989939921484'),(1031749749,'AMIR','989168009553'),(1031830085,'ĦλςκξŔ','989368998933'),(1032086254,'mika.A.F','989022825523'),(1032129716,'Sajjad','989366837156'),(1043078189,'منیب',''),(1055215300,'پسرك از ديار دشتياري','989923170753'),(1057735503,'i\'ts me','989169756839'),(1059298887,'̸ط̸ا̸ه̸ا',''),(1062093544,'Ąrmin','989182944713'),(1062681126,'پیس قیز','989148130719'),(1062894582,'K I N G','989176599153'),(1068025067,'-','2455314701'),(1071108400,'Amir','989130383082'),(1074738483,'M','989339645313'),(1075490812,'younes','905369297765'),(1077076222,'I','989390820560'),(1079458050,'amirrza','989038048017'),(1080095141,'ＡＲＳＨＩＡ','989375968481'),(1098792934,'mahdi','989179650223'),(1102689304,'ALI',''),(1102742135,'اختر','989135973296'),(1102917892,'OMEED','989150255451'),(1105416757,':EQ个MAMA','989921556179'),(1106704202,'.','989036589303'),(1108631522,'A M I N','989398872422'),(1112527802,'Amir','989170051757'),(1115801239,'ممد','989176014881'),(1122000937,'Yasin',''),(1122294817,'Amir',''),(1123297419,'Mhmd','989145467122'),(1127647035,'﷼','989154766146'),(1131691321,'Mahan','989031610077'),(1136775611,'لَِاَِمَِـَِصَِبَِ','989218697969'),(1145204636,'):','989034471851'),(1145564195,'Mobin','989031836669'),(1148139634,'ðºð',''),(1150740473,' ᭄ ☯࿐Legend','989036029026'),(1151005092,'⚠️⛔️ðنصیر','989920639623'),(1158507367,'五条','989962058918'),(1158728254,'R_e_z_a','989305972463'),(1164041898,'BEHNAM','989146367118'),(1169403223,'ðð','989928730618'),(1170083335,'.','989184177929'),(1175580105,'Yo Yo',''),(1175583618,'Abolfazl','989135360811'),(1175891819,'.','989936166002'),(1176457037,'مهدی','989922681673'),(1176582895,'MATIN ð','989926943340'),(1180436661,'mohmd amen','989164230047'),(1182279401,'Not.',''),(1183967779,'arya','989930257233'),(1187082304,'POUYA | پویا','989051539169'),(1191168625,'Mohammd','989146474944'),(1204739265,'ANDIA','989961650106'),(1205570689,'Game\'s',''),(1209413878,'shahin','989941596975'),(1211408670,'..','989056900421'),(1212829158,'Younes','989395898216'),(1216035247,'Farshad',''),(1216707820,'کرد',''),(1216784429,'ð','989938746008'),(1217628763,'Yasin','989911160614'),(1218333180,'..','989926251525'),(1218486616,'ð°ð','989029418557'),(1219297948,'Mohammad','989944525744'),(1223833432,'Z','989365493821'),(1228676394,'.','998886690021'),(1231910457,'Amir text','989929497405'),(1233069843,'.','989228909530'),(1233555904,'A̶r̶s̶h̶i̶','989379260954'),(1234433313,'Mehdi','989045705171'),(1236509871,'مسعود','989222455347'),(1237702314,'Amin','989052037152'),(1245328795,'ᴮᴬᴺᴳ','989362005738'),(1245494006,'.......','989221741941'),(1253563696,'alinezhad','989920377782'),(1254194812,'A','989929714094'),(1258606599,'MONIB','989021588557'),(1260019526,'abolfazl',''),(1260077870,'fati',''),(1260219372,'-Arshia','989306332408'),(1262178881,'hasem','989918047385'),(1263996072,'amir','989932653580'),(1267494217,'ð️ماه',''),(1267824702,'YiYko','989180599342'),(1273329638,'shah_._0111','989057049764'),(1275036361,'Sabor','989936213361'),(1277421345,'Ali',''),(1280325510,'Adel','989303442522'),(1281974865,'sajad','989154370407'),(1282902828,'Gbkbkvn','989028491451'),(1286084018,'NS/ASHKAN','989034322096'),(1288055008,'Erfan','989916416024'),(1291869051,'Shaho Amini','989917329390'),(1294177173,'امین رضا','989233966184'),(1294475682,'ðð','989917286608'),(1296706439,'۰۰۰۰','989961850837'),(1297784050,'.ð³ð','989917849295'),(1299226373,'ð°','989115745212'),(1301409533,'mimo','989169515303'),(1302006263,'A.13','989174499518'),(1303231658,'Hossein',''),(1304121793,'علی','989338127713'),(1307801236,'آبَوُرٍيمآس',''),(1307825790,'F4ZELi','989130702738'),(1316867274,'MILAD','989305744640'),(1317779046,'ممد','989941553743'),(1320735533,'Mohamad','989374528247'),(1322227565,'ð⃟ᬼ⃟̟̟̟̟̟̟̟̟̟➣⎝ ̶ᷝ ̶꯭ⷨ❮ð¼꯭ð꯭ð¡¬꯭꯭꯭R','989920731146'),(1322484417,'ðð','989014748170'),(1329098787,'abiiden','989394391162'),(1329241026,'M','989300970496'),(1333720976,'محمد بفخم','989910321722'),(1334419524,'‌*Reza*','989926771779'),(1336809216,'..','989935578541'),(1339705923,'Mobin','989334756093'),(1340478244,'ð','93747547101'),(1343149011,'Eso','989015259580'),(1344039304,'Arshy','989024867095'),(1344050525,'TaHa','989147225109'),(1344645847,'pedri','989027515322'),(1345320252,'m','989936678619'),(1346221008,'X(:','989925163531'),(1346595240,'@','989339531741'),(1349308886,'amir','989219420170'),(1352151235,'Sro','989378668039'),(1355504989,'Jawad','989363198567'),(1357248638,'.','989058946922'),(1358113811,'άħмάȡ',''),(1360350833,'Amin',''),(1361707340,'ꞋꞌꞋᴹᴼᴮᴵᴺᴬ•༣','989369828728'),(1363373620,'STX・WIZARD','989919472792'),(1363709847,'MOHAMAD','989923502604'),(1371627673,'Behnam',''),(1374701778,'علی',''),(1375649147,'jrrn','989020915355'),(1381605746,'Zahra','989367986249'),(1382572788,'Y A S A N','989213356182'),(1383462726,'上弦AKAZA参悪','989963325501'),(1385324423,'Ali',''),(1386252483,'Amir','989031301377'),(1389653996,'علیرضا','989156971624'),(1394446639,'A1','989013341982'),(1397931288,'mardin','989197668612'),(1398039217,'سروش','989933918161'),(1399039477,'محمد طاها','989058083046'),(1410729097,'Amirali','989020572535'),(1416870982,'its aboll',''),(1418313343,':)(:','989937635008'),(1419407499,'AKS','989128437609'),(1422792522,'.','989216160687'),(1423777544,'Mahdi','989900354002'),(1424417247,'ToMaR','989354779351'),(1426138612,'ahmad','989045479343'),(1428588045,'Mmdð','989934913976'),(1432893926,'Amir','989233321696'),(1436457484,'ßóhêíl','989052575143'),(1436713323,'Hesam','4915734511591'),(1443697181,'Shukran',''),(1448393403,'@','989023176336'),(1449173686,'No Name','+989012714093'),(1449619789,'ð','998916960057'),(1449715012,'Poyan',''),(1452685529,'ð','46700055298'),(1454595136,'Yosef',''),(1455480115,'amir','989367750189'),(1457646838,'Ata Rzaee','989035032911'),(1459872423,'ali','989920917164'),(1460560821,'MATIN_AHMADI','971559310296'),(1461074890,'Ꙭ','989038680043'),(1462444849,'Arshiartwork','13478124066'),(1464438124,'.....','989383580138'),(1468122293,'ashkan','989174538508'),(1469458433,'Ahmad','989154976512'),(1473041889,'Iman','989932506126'),(1476783044,'Amir',''),(1478345851,'Yasin','989394165039'),(1478597198,'Mohammad','989052056032'),(1479375653,'هلو','989927190191'),(1480026047,'M','989174921228'),(1481580811,'مهدی','989152527259'),(1486696216,'Ali.n','989389700722'),(1488651158,'A.moradi','989132373106'),(1493014310,'Rð°️D','989399981685'),(1493304815,'ⓚɨⓝｇ','989150108939'),(1494812683,'Behi_x4','989013046897'),(1495507135,'MOHNAD . KURD','989916601174'),(1496006023,'Sadra','989380858177'),(1498308382,'amirmohammad','989934218968'),(1503161224,'kurd','989019221309'),(1503940562,'armin','989925031955'),(1504193997,'Ali',''),(1504403694,'Sonil','905063581318'),(1506120879,'YouTube HIRO','989908585116'),(1506567597,'Amin','989338432856'),(1506955042,'Adi',''),(1507718812,'Hesam','989932979130'),(1508647435,'ðð','989304368126'),(1512728878,'imx_kiyAn','989338552199'),(1519149064,'Ariya','989301692757'),(1519823257,'ÅMĪR','989927993944'),(1519918336,'امید','989923561989'),(1520018615,'مهدی',''),(1520543452,'vmir','989906613477'),(1520573306,'Abolfazl',''),(1520777747,'ðð','989390268630'),(1520919503,'a b c d','989215405163'),(1520939029,'جواد','989303682546'),(1522959129,'جاوشیری','989101573080'),(1528116948,'hsn',''),(1528971731,'Behzad','93792268198'),(1532452781,'ϟð²ððð','989056623913'),(1533546840,'ð',''),(1534014521,'ghanadan.joker','989395404823'),(1534033362,'\"«ð´ðð','989307163341'),(1534467515,'جذاب',''),(1539853563,'Iliya','989914216334'),(1542300475,'Ali','989142791564'),(1542403413,'M','447539514534'),(1542544717,'ᴹᵃᴹᵃᴰ','989010872178'),(1543048851,'Pezhman','989926404819'),(1549616420,'4.5.6.0','989025060593'),(1552112445,'Mahdi','989101575079'),(1557432798,'hami','989303213393'),(1559674267,'ðabolfa','989916069772'),(1561535013,'⁦(⁠ノ⁠ಠ⁠益⁠ಠ⁠)⁠ノ⁩','989398605990'),(1562120438,'Mohammad','989055623722'),(1562723168,'amir','989028358712'),(1564288276,'AradTaika','989225465688'),(1567571057,'suzie!!',''),(1568475072,'Yasin','989376780375'),(1568532940,'imam zaman','989373011616'),(1568652519,'[ꪑꪮડð¥ꪖ','989222521721'),(1570638336,'yazdan','989394987135'),(1570963677,'حسین',''),(1571773742,'Nika',''),(1573010689,'ð','989028875880'),(1573295775,'ð©ðª','989388740240'),(1576970295,'Maede','989059653117'),(1577935441,'Mahyar','989926837689'),(1586063032,'mobin','989010400482'),(1588987156,'ð²¯ð²¯ð²¯ð²¯ð²¯ð²¯ð²¯ð²¯ð²¯ð²¯ð²¯ð²¯ð²¯ð²¯','989922413638'),(1590933502,'ֆʊʀɛռǟ','989155704089'),(1591951583,'Ramtin',''),(1592613829,'matin','989366961817'),(1593068722,'ArMaN','989206036786'),(1601135267,'Yasin','989031426393'),(1603950671,'Kara',''),(1605079852,'ð','989928413386'),(1605877152,'yaser','989052219404'),(1611282079,'طاها','989045577657'),(1612356643,'Œ?','989394131660'),(1612938462,'Amirð',''),(1616306032,'ð·ð','989306564206'),(1617704600,'طــاهــا','989931219106'),(1618619767,'یاس (سابق)','989369904138'),(1623084264,'ðð','989142967233'),(1627369410,'٭⏤͟͟͞͞Luna','989330293630'),(1627884556,'Reza','989118015011'),(1633394915,'علی',''),(1634874223,'Aliram',''),(1636302878,'Mr',''),(1636614620,'fati',''),(1637461271,'ðð','989385801754'),(1638035718,'ð','989930492706'),(1638847355,'ＡＲＳＨＩＡ','989179925753'),(1639458569,'ALIREZA',''),(1639697111,'pk','989056953684'),(1639987972,'hosein','989140696365'),(1642956808,'armanux','989104413752'),(1643671728,'Numb',''),(1644092227,'Sami','989039853819'),(1647449479,'Reza','989304836546'),(1651433393,'mani','989172040853'),(1653075929,'ali','989336721963'),(1653299612,'Daniyal',''),(1657699980,'Sina',''),(1661713151,'saman','989019320140'),(1663450053,'وحیدوک طلسم بیروح','989039615737'),(1671497561,',saduddin,','93798845464'),(1673577652,'R A M','989196438071'),(1673899575,'amiiil','989190458221'),(1678300364,'∆°','989376553963'),(1679301611,'دانیال','989149454989'),(1680042554,'Nima',''),(1680134926,'ð¹ð','989966495976'),(1681905219,'AMIR','989394540764'),(1684598378,'Abbas',''),(1685524766,'دنی','989939311005'),(1689393484,'kopl','989381195291'),(1691098945,'Mardin','989365721830'),(1691907894,'ÑÆŠЇҐ','989330414448'),(1695563901,'Mehran','989338072465'),(1697115588,'مصطفى','9647860166520'),(1697269327,'xs','989214320313'),(1698374836,':)','989378129679'),(1699911668,'.........ð¤ð¤ð','989172935964'),(1701292027,'yasin','989370628098'),(1702638495,'-ThuMaS-','989016845525'),(1707784484,'91587','989394847088'),(1711272527,'Joker','989175941006'),(1712315483,'کیان','989184200167'),(1714286630,'Elnaz','989941358208'),(1714543205,'امیر','989929469488'),(1714808973,'Dariush','989904806878'),(1716793376,'صدرا','989923837881'),(1717046676,'hossin','989925941302'),(1718830821,'Abbas','989305828347'),(1720435588,'(っ◔◡◔)っ ♥ BARDIA ♥','989038158272'),(1722044580,'Habib','989226959047'),(1725319604,'Javad','989233955653'),(1726434272,'J','989046387709'),(1726977557,'M0ji','989387819521'),(1728578742,'‌amin','989372796054'),(1728923827,'هستیار',''),(1729524590,'⇉▴⃯ᶤᔿ ᬁ(̶⃫͟͞ð»̶⃫͟͞)⸸ ͛ð´ðððð⸼۠⊆۪','989362699083'),(1734665670,'hadi._.22','989176437521'),(1735836761,'E7・ZOZOð','989362668110'),(1737794956,'Ali','989044919791'),(1740271365,'‌‌ℱð¶','989923814887'),(1741916454,'ð´','989022637996'),(1745969565,'رومینا','989375959349'),(1747120951,'7NFxLION',''),(1748518528,'ð£ð','989356930663'),(1749389386,'.',''),(1749696291,'Ninja','989034619137'),(1750057227,'ABOL',''),(1755819661,'ام','989927729131'),(1759535635,'dvshwar','989022231682'),(1766570297,'Mr conging شماره کارت عوض شده','989981016184'),(1768036065,'ـ مصطفــي.','989913568550'),(1770047730,'ARYAN','989963704210'),(1771371292,'ali','989164680181'),(1774214391,'ð­ð',''),(1777363711,'Amir','989038295577'),(1778440441,'Maisam','989370783789'),(1779141639,'M','989930175526'),(1785188145,'ðð',''),(1785301644,'Sti','989132196515'),(1786581612,'علیرضا',''),(1788297558,'Armin','989016939532'),(1791594427,'X-boy','989152893144'),(1794402641,'Amir',''),(1797123155,'هادی','989378718511'),(1800089689,'M~','989305811342'),(1801665455,'XS._.','989300178604'),(1802541174,'Amir ali','989942021278'),(1803322074,'\"/','989927431672'),(1803495215,'ـ','989332283696'),(1807890694,'saman','989148821219'),(1809496199,'محمد',''),(1810343253,'Maryam5507',''),(1811499853,'kurd','989217481660'),(1812303219,'Yasir','93748792950'),(1812671183,'سجاد',''),(1812852355,'هادي. ðº ðð¢ððª . ','989926472867'),(1814664966,'ðð','989031269851'),(1815017136,'O M I D',''),(1815093653,'Rayan','989385902863'),(1816789918,'amin',''),(1817588665,'ð©ᴀᴍ','989219729179'),(1818386492,'matin','989380696782'),(1818514656,'⚜️آغی باصولی⚜️','989963084248'),(1820105857,'Mehdi','989397674972'),(1820196632,'Hamid','989036171458'),(1824491667,'ð am','989927808306'),(1824519627,'.','989930228798'),(1825532735,'M','989903489871'),(1826661278,'ٓٓ َََََِِِِِٰٰٰٰٰٰٰٰٰٰٰٰٰٰٰٰٖٖٖٖٖٖٖٓٓٓٓٓٓٓٓٓٓٓ ٰٰٰٰٰٰٰٖٖٖٖٖٖٓٓٓ',''),(1828512148,'ムＫ・aqapesar','989138577395'),(1828881015,'Mmmmmm',''),(1829915293,'ₘᵢₗₐD',''),(1829962071,'Shahin22',''),(1830043330,'Mohamad','989172126624'),(1830703304,'Ali Reza','989394351190'),(1831861730,'Dani','989999138211'),(1832338998,'erfan','989388909253'),(1835769750,'Alireza','989932864498'),(1835929287,'Amir','989179045271'),(1838415483,'ðSAM',''),(1840196951,'Amir','989939987052'),(1841166809,'Ajmal',''),(1842064176,'ð','989330558936'),(1844836990,'Aliraza','989309723173'),(1846846610,'دیوانه','989174654856'),(1849061723,'ام جی','989025306195'),(1850361922,'『Ali亗ADZ','989192096620'),(1851251603,'امیر',''),(1852161178,'ðð','989920025128'),(1852313362,'Ozeyr.sa','989176536626'),(1857367028,'Mohammadhoseyn',''),(1857463641,'Aref',''),(1858406072,'Erfan','989196330241'),(1858889840,'Shahab','989304438136'),(1863239509,'ð','989935474825'),(1863512792,'محمدرضا',''),(1871967312,'Nemesis','989157830080'),(1875383829,'MR.Mohammad','989964161471'),(1876269643,'Senti','989375114678'),(1876696532,'Ahoora','989021848085'),(1877093639,'نام کاربری','989966278055'),(1877878148,'hamod','989379813213'),(1881932381,'Mamadiiooo','989932424180'),(1884056631,'ðKIN','989022847952'),(1885638352,'MOHAMED','989333472078'),(1886862360,'Mahdi','989016488988'),(1887416460,'kaem khormi','989020564674'),(1890745778,'Amir','989179335021'),(1891632877,'eilia','989012917360'),(1892311328,'ð°ð','989187961344'),(1897193311,'mamad','989303075153'),(1898409338,'باسط','+989965542026'),(1898692268,'STOON',''),(1899061599,'هادی','989054572267'),(1899496154,'Iman',''),(1901641189,'.',''),(1902573739,'ᗩᒪI','989225796183'),(1903327375,'Alireza','989045622393'),(1903621419,'Mr204',''),(1904713125,'..','989057705562'),(1905056447,'Yasin','989309920531'),(1905406386,'foad','989932058494'),(1907006748,'.','989945367743'),(1907663929,':)','989336594760'),(1909443739,'00','989232484518'),(1909552125,'Hossein','989045432026'),(1909576591,'AMIR',''),(1910203468,'mohammad.mm','989929473190'),(1910953073,'(:','989923380336'),(1911563564,'شایانی',''),(1913381285,'هاشم',''),(1913863771,'...','989390899693'),(1914349642,'上弦AKAZA参悪',''),(1916613388,'ARIAN','989382520770'),(1917360707,'.','989014349841'),(1917694758,'Roozbehwm','989055534238'),(1918786303,'sina',''),(1922284702,'Ali','989945326427'),(1923009366,'Emran','989157499271'),(1923818057,'\'-\'','989330184458'),(1928395533,'Abbas','989058908001'),(1930030137,'MaTiN',''),(1932083383,'‌.','989183563209'),(1933373236,'Loser','989388262520'),(1935126338,'MMM',''),(1936607505,'M','989044509164'),(1937796775,'ðð','989921435871'),(1938239678,'W','989107249956'),(1943595103,'AM_aboli','989961235202'),(1944573068,'Kia.x3','989333163642'),(1946336097,'bep_12345',''),(1946642615,'saeid','989212018313'),(1948460101,'hossein',''),(1948658514,'8','989014710475'),(1949220959,'- Amirabbas','989103259464'),(1951985037,'aslok',''),(1952040557,'Mehdi','989197521235'),(1952927442,'HOSSEIN','989170602327'),(1954588463,'سمیح الله',''),(1955162968,'ملنگ','989920442316'),(1955710023,'khode esi','989921761097'),(1957715697,'حَـَـَـَـَـَـَـِـِـِـِـِـِـِـِـاََََََََََََِِِِِِِِِِِِجَـَـَـَ','989027190212'),(1958219186,'saeed','989909461247'),(1960995903,'Amir','989925130211'),(1963300341,'ð 《 C 》 《 R 》 《 7 ','989936734044'),(1964837161,'Arman','989366106447'),(1966728631,'Sajjad','989197165303'),(1966863905,'ð','989052516326'),(1968249375,'ð','989398012174'),(1969358438,'M','989981068317'),(1969412120,'021','989192286774'),(1969653201,'Ali','989372259318'),(1971811327,'Sona Abdollabi','989339489172'),(1975039666,'king','989942871521'),(1976561044,'Mohammed','93780492351'),(1977754401,'ꪖꪑıᖇꪖꪶı','989175402695'),(1978131793,'.','989377852529'),(1982374233,'secure switch suport','989960424594'),(1983169524,'Abol','358465260052'),(1983264954,'ALI','989376431280'),(1984622709,'behrad','989304150617'),(1984831585,'.','989388679629'),(1985017742,'Morin','989930719317'),(1985442613,'M','989143529223'),(1987616381,'Omid','989934067405'),(1989479051,'ᴀᴡᴍɪɴ','989052841282'),(1990951201,'امین','989945561365'),(1991407798,'ð','971508534660'),(1992216960,'مسعود','989028057432'),(1993686035,'Railangels','989108369665'),(1995783212,'Amir','989917313507'),(2002019346,'Arash','989054563391'),(2004722103,'ð»ð','989186359576'),(2004931600,'Reza','989058490096'),(2006028614,'sina','989168329061'),(2009312693,'MORTEZA','989370226798'),(2012110064,'GXOMID','989981989995'),(2012918011,'علی','989057195554'),(2014654118,'سلطان','989011686203'),(2015238940,'ð',''),(2017117395,'Nozhan','989010492021'),(2019368825,'Ali','989391689968'),(2019831248,'POYZO','989054697212'),(2020807672,'ð´ð','989020186596'),(2020888654,'Reza','989215267844'),(2022491983,'؛)','989307208890'),(2025316579,'abrahim','989169073392'),(2025428978,'Mansor','989152972583'),(2027945432,'B a S e T',''),(2028861037,'Amir Hossein',''),(2029104208,'Miranda','989021458732'),(2029816557,'Raham','989027681743'),(2030506546,'Mohammad Amin','989920348296'),(2032526830,'sajad','989945279815'),(2032784628,'Abolfazl X Shot','989363286976'),(2040815731,'ðSø','989139899649'),(2040833672,'Fatemeh','989132484471'),(2041008808,'tt','989919096712'),(2054658463,'Arian','989053769463'),(2057179069,'B599','989226241676'),(2058863813,'YAZDAN','989935789867'),(2062420916,'Milad',''),(2063399736,'پسرموطلایی','989150441930'),(2066181055,'محمد','989175221884'),(2067147801,'Majid','989306667009'),(2068392152,'Fahim','989383397354'),(2071965018,'Mohammad','989214331947'),(2073404463,'ایمان محمدی',''),(2075361568,'Amer','989376403554'),(2076011685,'محمد','989964043607'),(2077178941,'زیـبــــــــای وحـشـــــــــی','989377768512'),(2077197748,'parsa','989179164568'),(2078619159,'ALI','989301997451'),(2080154243,'SOHIL','989934033365'),(2081951179,'Taha','989019347066'),(2083466748,'ARMIN','989164247196'),(2083650635,'Cffhjbb',''),(2088030642,'Emran','989117723019'),(2088317787,'hamid','989152569651'),(2088955538,'Jonsnow-','989107475424'),(2089775707,'PeYmAn',''),(2090297185,'Ali','989939460053'),(2091485262,'..','989914447498'),(2092264499,'Vahid','989930047670'),(2092718123,'NAWEED','989377338467'),(2093546315,'alireza','989145924413'),(2094554291,'モハマド','989905977294'),(2095328949,'ð¢ð','989038655397'),(2095501584,'its_.amir0','989175463655'),(2095864138,'Mmd','989030195583'),(2096278540,'kurd',''),(2096391462,'2','989211502927'),(2097349448,'Hasan','989374932313'),(2097765421,'کبیر',''),(2097809855,'ðð',''),(2100293235,'ممد','989031657230'),(2101527219,'Jaesoon','989960953265'),(2101657228,'ᴀᴍɪʀ','989380411339'),(2101731693,'Mamadeshonam','989179669256'),(2103089431,'ivx','989366219710'),(2106364516,'Sa11','989052456202'),(2106371559,'ＺＥＲＯ','992919037689'),(2108915417,'Rauf','989014681863'),(2109211086,'VIRUS','989930455475'),(2110352302,'IMAN','989165125557'),(2110556937,'..','989907294592'),(2111794112,'Hosein','989219242935'),(2111803101,'MEHDI','989981266325'),(2113013171,'فـاروق بـ ـلوچ',''),(2114609545,'M̴E̴N̴','989111270875'),(2114741558,'∞ᏗᏝᎥ','989143862591'),(2115144059,'.','989039571897'),(2116146138,'mehdi','989163221633'),(2116935818,'AMiR','989056373745'),(2119909680,'^','989031652550'),(2121687977,'M O H A M M A D',''),(2123223918,'R','989056180778'),(2123923056,'SAED---ABBAS','989022083790'),(2124247121,'???????','989385182633'),(2126211741,'Rezolie','989914893726'),(2128641812,'ðð','989214013928'),(2128879358,'GOD_SAJAD','989937809062'),(2129119270,'MSN','989165945681'),(2130413822,'نورالله','989961033241'),(2131517501,'Benjamin','989366679854'),(2132271717,'ابوالفضل','989308574123'),(2132692982,'NARUTO','989019742313'),(2133707683,'⌫✍︎جواد_انیشتن❥︎','989035563862'),(2137066081,'Huri','447860043176'),(2138614883,'Amir','989024232089'),(2139704193,'Mobineggg','989362138471'),(2139787774,'King','989930541606'),(2140676232,'09152916167','989152916167'),(2140892007,'MaMaLi','989054777832'),(2142187089,'mohammad sedegh','989939644393'),(2142968882,'امید','989222970293'),(2145031849,'محمدمهدی','989231288768'),(2145064493,'A.m','989392358824'),(2145968300,'021g','989215714829'),(2146985730,'Satan','989145662202'),(-2147340883,'Hasan','989156054210'),(-2146864174,'025711','989167601821'),(-2146842202,'RASTIN','989374073296'),(-2146702940,'allah','989155968469'),(-2145374780,'طاها','989046603414'),(-2144367128,'ðð','905425601552'),(-2143415146,'ðA','989330239072'),(-2142817286,'Hasan','989921293878'),(-2141577895,'Abas','989929406884'),(-2141514029,'ðð',''),(-2140965145,'.',''),(-2138160160,'Mirhoseini','989112777606'),(-2137007065,'Benyamin','989012160211'),(-2136685991,'علی','989115897357'),(-2136373431,'علی','989965427328'),(-2134675730,'Morteza','989210336092'),(-2134059880,'جواد','989930188031'),(-2133941262,'Amirali','989011824389'),(-2129508264,'ܩܣܥ‌‌ܨ','989302619027'),(-2127727513,'.','989372091316'),(-2127627783,'Abolfazl','989130159961'),(-2127075727,'امیر محمد','989035749216'),(-2123653034,'abolfazl','989026943340'),(-2119704747,'Mahdi','989147651345'),(-2118562867,'.',''),(-2118386856,'Dream_ping','989137782243'),(-2116884805,'P E D R A M',''),(-2115270639,'M','989354049973'),(-2112927145,'Vahid','989054707656'),(-2109958770,'ܩحࡎࡅ߭☠',''),(-2107751974,'Alireza','989334385278'),(-2107125653,'HAMID','989900765518'),(-2104854649,'Mahdi','989917815545'),(-2104017348,'nazi',''),(-2103968353,'shahab','989017110266'),(-2102589092,'ð¥·C','989354349775'),(-2101517258,'.','989938804131'),(-2100067906,'مهدی','989139505650'),(-2099979805,'Amin','989360621331'),(-2099946062,'Mohammad','989909673674'),(-2097884548,'IMAN','989365749462'),(-2097459877,'$Mammad_Safari$',''),(-2095570517,'M.khademi7',''),(-2095512022,'Ali','989932825170'),(-2093183473,'.','989158448731'),(-2091922054,'Mary','989233171312'),(-2091781405,'Dia','989228392464'),(-2090185143,'Ehsan','989162210441'),(-2088065723,'moody','989190642898'),(-2087423541,'Ali','989376052336'),(-2086571602,'e3maeil.__7','989172830365'),(-2085924151,'mahdi','989055135316'),(-2085912302,'Mohammad','989057247404'),(-2085909762,'ð¨ð','905066501385'),(-2084758426,'alirza.taji','989011061945'),(-2083940169,'A B O I','989136857024'),(-2083785092,'sam',''),(-2083267199,'محمد فاضل','989930178623'),(-2082999482,'.','989962136820'),(-2081689134,'Alireza','989926205273'),(-2080833545,'Milad','989231893157'),(-2078553835,'....',''),(-2078002103,'ℋð¶ð','989035309623'),(-2076801557,'.',''),(-2076744556,'TR _04','989380745854'),(-2075490211,'SAMY_WLF','989917283134'),(-2075091012,'aidin_1303',''),(-2074597994,'Remember_me',''),(-2072829492,'Mohammad Saraei','989941097332'),(-2072812274,'ð¶ð','989013632201'),(-2071013988,'Aziz',''),(-2070917320,'ðð','989386204902'),(-2070897486,'ðð','989964678201'),(-2070446289,'Hafez','989906504690'),(-2069995295,'Oppenheimer','989933569107'),(-2069943405,'ð','989333362131'),(-2069446289,'هیچ','989174174101'),(-2067783941,'ahmad','989360695786'),(-2066480900,'ابوالفضل',''),(-2065063788,':(','989908418356'),(-2063775411,'K.star','989384627914'),(-2062606110,'Soltanok.jokershah','989964294311'),(-2061342482,'taha','989135036173'),(-2059563460,'AL I','989035799787'),(-2059270921,'ممد','989393168019'),(-2056136745,'Mohamad',''),(-2055640174,'Mohsen','989938931430'),(-2051513304,'Reza',''),(-2050113301,'saadsed','989175626207'),(-2049950131,'hamed Rafie 87','989360181228'),(-2048869365,'ðªð«','989918475652'),(-2048034350,'A M I R','989332455174'),(-2047368278,'صمد','989923147506'),(-2046561795,'ممد','989170783742'),(-2046077165,'Ali','989147411953'),(-2044607842,'amirali','989911206347'),(-2044418989,'اسماعیل','989939257469'),(-2043346309,'Matin','989056568189'),(-2040647802,'ðℯℓ','989396497751'),(-2040537189,'☠️Saeed','989908265840'),(-2040326073,'al_zikry','967781450774'),(-2040218425,'ツMR亗Soltan',''),(-2039007664,'ðð¦ð',''),(-2038353368,'تراکتور یاشاسین آذربایجان',''),(-2037965824,'Siafollah','989934167958'),(-2037269458,'حمید','989211636866'),(-2037077386,'Amirmohamad','989170206777'),(-2036590828,'Ahmad','989199281689'),(-2033640534,'P','989025685389'),(-2029468777,'Mehdi','989300549449'),(-2028137781,'Arash','989023991196'),(-2027384191,'ˢᵃʰᵉˡ',''),(-2025408289,'R_A.','989920676448'),(-2023884891,'pouya',''),(-2022965014,'‌.','989393221633'),(-2019850274,'Benyamin naroi','93795243152'),(-2017216791,'Mahyad','989030683465'),(-2016964875,'Amirreza','989913097443'),(-2014260357,'ýâsiñ._.mi_³¹³','989380266080'),(-2013861605,':(','989917901538'),(-2012158967,'‌..','989218707843'),(-2011825953,'محمد',''),(-2010826658,'عَلـی؛','989165958192'),(-2008176423,'\"IRI\"PUBG\"','989103425864'),(-2007497045,'arash','989928032283'),(-2007450443,'علی',''),(-2006570545,'♕Yazdan♕','989376573738'),(-2000041357,'Ali',''),(-1999390224,'Cristino','989036162252'),(-1999034656,'.','989383902825'),(-1995187775,'Mohammed YASIN','989334196461'),(-1994705814,'زکریا','989152677574'),(-1993933018,'arkan','989915476168'),(-1991785042,'amin',''),(-1991745770,'SHAHIN','989145577455'),(-1991225802,'Sayed Mohammad',''),(-1988710800,'mehdi88','989012993433'),(-1986690349,'امیر','989377366978'),(-1984215681,'متین','989158440671'),(-1984107258,'Minato):','989130691886'),(-1983120932,'یاسمین','989940823569'),(-1979902098,'t à h a','989902034102'),(-1975710108,'Can I Kiss You 2',''),(-1975084681,'Lucas',''),(-1974166550,'Hneamzmielna',''),(-1974047219,'hamzeh','989015259852'),(-1972583380,'ð·ð','989116887638'),(-1972531630,'ðð¡','989331533216'),(-1970524500,'zahd','989302496580'),(-1969003071,'Mohammed Farzin','989038823357'),(-1968844684,'عرشیا','989921721069'),(-1968245445,'مصطفی','989023428350'),(-1968150679,'مرتضی','989383699502'),(-1966847382,'Matin','989338859230'),(-1966844988,'Mmd','989902987756'),(-1965392269,'Melika :)','31647173438'),(-1960480163,'卄卂几|','989910482600'),(-1959660898,'taha','989010511975'),(-1959406321,'ðð','989142722388'),(-1956984805,'Amin','989104514253'),(-1954319486,'M','989364637739'),(-1951973008,'hero͜͡♬','989339194323'),(-1947841223,'مهدی','989926277588'),(-1947462520,'MAMAD','989353382392'),(-1946965735,'amirmohammad','989170483401'),(-1946198960,'miecky',''),(-1944847974,'Mohammad','989030195367'),(-1944561621,'Javid','989365662071'),(-1943422195,'pooia',''),(-1941472053,'amin','989039687383'),(-1939023674,'No Name',''),(-1937151329,'ABOALFAZLTURK10','989146395248'),(-1935194713,'Alikxan','998915800767'),(-1934585719,'Proi','989910361840'),(-1933390912,'Ali',''),(-1933209431,'A','989933797983'),(-1932915052,'HIRO','989964536671'),(-1931754514,'Sina',''),(-1931540116,'e_bal0chi','989168327066'),(-1930763962,'ðA.L.','989361879759'),(-1930482613,'arman','989301738175'),(-1928465777,'Aryan.','989054751590'),(-1928276586,'Amirhosein','989194384507'),(-1928089106,'mobina','989053277036'),(-1927569858,'YOUSEF',''),(-1927067292,'مجنون',''),(-1926021196,'shoaib','989903686074'),(-1925608812,'Nazani_n:)','989936031245'),(-1924293271,'ArMaN','989941442320'),(-1923961604,'Reza','989173883097'),(-1921344177,'Mohamad','989399157049'),(-1921056721,'.','989966058317'),(-1918075650,'حمید 1385','989392287199'),(-1916280976,'Ali',''),(-1910890088,'Arian','989305633062'),(-1908006728,'Amar','989170713340'),(-1906328100,'KF.',''),(-1906019515,'ðð',''),(-1905433127,'Amir','989908897118'),(-1903962325,'ðð­ð ð',''),(-1903166504,'Mahdi','989367887932'),(-1902977912,'AMIN','989300955946'),(-1901412713,'alireza_room',''),(-1900961171,'Mohammad','989991525296'),(-1900527012,'.',''),(-1900512272,'Erfaaan','989362993445'),(-1898837335,'11',''),(-1898803436,'Delvan','989379603436'),(-1897597051,'ˡⁱᵗᵗˡᵉ ᵍⁱʳˡ',''),(-1894832796,'♡',''),(-1892943801,'ᴹ','989390752434'),(-1891012542,'Saeed','4915778561951'),(-1890675786,'بلوچ',''),(-1890182805,'Ali_',''),(-1889617356,'گنگستر','989914790682'),(-1888661105,'Artin','989916730158'),(-1885108504,'Ali','989365569153'),(-1880613823,'66321',''),(-1874163420,'ð','989917059210'),(-1872770521,'Mohammmdi','989355806431'),(-1871953000,'AmiMo','989058259189'),(-1871880014,'ðð','989962091774'),(-1871506534,'coffeine','989929464240'),(-1868627435,'**','989050116903'),(-1868282677,'am. taha','989010480753'),(-1867416086,'♠️♣️♦️♥️','989961775146'),(-1866774040,'Sina','989904474143'),(-1865715500,'ali','989037722435'),(-1864890598,'ðµ‌ð¦‌ð³‌ð','989362098110'),(-1863747024,'メディ',''),(-1857878505,'عامر شهنوازی','989913500136'),(-1856106420,'Ali','989936782630'),(-1855403157,'ð','989170356057'),(-1855238029,'Mahdi','989023337259'),(-1853919652,'mohamabamin','989332618045'),(-1852474945,'حسین',''),(-1850280674,'Mohammad','989912166179'),(-1849566444,'حبیب صابر',''),(-1848884703,'amiro','989051536032'),(-1848759845,'حمیدرضا',''),(-1847698759,'م','989384445223'),(-1845458703,'M','989388799490'),(-1844569957,'رضا',''),(-1843261922,'محمد','93784257773'),(-1843014167,'شاههه','989960408638'),(-1840410169,'Amir','989332828643'),(-1838669540,'MOLAR','905526644445'),(-1837102839,'Love','989306766803'),(-1830482202,'emad',''),(-1828462979,'Tofigh','989928183646'),(-1825792056,'ادریس',''),(-1825644152,'ð','989932626347'),(-1823358769,'Emran','989339402635'),(-1823300949,'زبیر','989961676149'),(-1822552143,'jamshid',''),(-1821699858,'قاسم رخشانی','989382219109'),(-1819404718,'Ahmad','989132889099'),(-1818764297,'Mohamad','989927152760'),(-1817556149,'Amir','989902078766'),(-1816622602,'Alireza',''),(-1816503106,'offingð','989031833543'),(-1816093390,'Abolfazl','989011026992'),(-1813428573,'فاطمه','989196674348'),(-1812608316,'AXE','989362932645'),(-1811858812,'M','989178761654'),(-1811332512,'sam','989196498371'),(-1810486555,'amini','989229483541'),(-1809556421,'Amirali',''),(-1807843581,'MOHSEN','989339243205'),(-1804129550,'F',''),(-1803407821,'M❤️','989339198514'),(-1802716242,'mamad','989918545820'),(-1800208389,'melisa','989331382010'),(-1798686031,'amir','989054293357'),(-1798198533,'..','989157442990'),(-1795072696,'MA','989339227971'),(-1793502933,'Sajad','989386750332'),(-1792273939,'Masood',''),(-1792078468,'محمد','989056723343'),(-1790620806,'امیرحسین بابازاده','989038189029'),(-1789283567,'3WxBigDark',''),(-1784981021,'نیما',''),(-1781204250,'امام علی هستم سلام',''),(-1779370653,'مملی','989033181706'),(-1776104979,'Ov1s.Z','989369848818'),(-1774392222,'創設者','989036500171'),(-1774099271,'Mikaeil','989940284060'),(-1773645681,'Ajid','2347087669417'),(-1772967782,'Lord','989031039245'),(-1772403148,'خالق','989100340853'),(-1771450044,'ð»ð',''),(-1768105356,'fazel',''),(-1767670777,'SARAHAR','989020498391'),(-1767036817,'Mohammad',''),(-1766434640,'مهدی','989030419993'),(-1766000399,'کوروش','989131462861'),(-1765305274,'تنهآð','989057354760'),(-1764022573,'ð¼',''),(-1760110348,'Hejini',''),(-1759884941,'دخی جذاب','989158413605'),(-1759851643,'ð¼ð','989054526098'),(-1759697318,'AMIN','989397023537'),(-1759665057,'abtin','989927548450'),(-1758641140,'‌.','989381170582'),(-1758023540,'بلال','989390789824'),(-1757081763,'.','989396386917'),(-1753706102,'Hadi','989303598651'),(-1752205293,'Ghazi','989059919369'),(-1752072231,'ડⅈꪖꪜડꫝ','989187887544'),(-1751227167,'artin','989146864529'),(-1749651866,'.','989130789795'),(-1748348765,'*','989926063565'),(-1747082559,'yaser','963983196289'),(-1747017818,'M_______cr7______M','989178818446'),(-1745873865,'محمد جواد','989381757699'),(-1744580657,'Amir Esfand','989921759502'),(-1744216876,'RAMESH','989926845456'),(-1743963335,'Ali ۱','989044761116'),(-1742802374,'Ali','989025139107'),(-1742633346,'GX','989053981830'),(-1741336495,'.E.❤.S.',''),(-1738722597,'sajad','989036954871'),(-1735958894,'.',''),(-1734631793,'حسام الدین','989168501278'),(-1733759385,'آنه محمد','989113728554'),(-1730874051,'M','989965347639'),(-1729408550,'Amirmohammad','989384551835'),(-1728768715,'میثم',''),(-1727529403,'محمد','989395431607'),(-1724592435,'Reza','989919777824'),(-1724316793,'سینا','989056736706'),(-1722091756,'┌ ͟ᴀ̸͟ᴍ̸͟ɪ̸͟ʀ̸̶͟▂̶◆.͟.||┌꯭͟͞♥','989362050668'),(-1720960657,'سجـــــــⓢﾑʝʝﾑのــــــاد','989362000051'),(-1719999782,'Amir','989139800924'),(-1717733999,'the faith','989301132639'),(-1716532360,'Yasin','989933168970'),(-1715111173,'نام','989018407012'),(-1711093362,'♪♩ ð¦Ãмð','989116577540'),(-1710858921,'Banok','989029218186'),(-1709556387,'F','989014718200'),(-1706382615,'Mohamad','989935146658'),(-1706328817,'⊀ ᷂شوق ଓ.','989365195683'),(-1705956532,'Matiw',''),(-1705899243,'♛︎αиσиʏмσʋƨ♛︎','989965711667'),(-1704624025,'Pouria','+989172425940'),(-1704444763,'Tom','989024915967'),(-1702821052,'AMIR','989146899307'),(-1702609300,'پوریا','989184698117'),(-1701271977,'Ali reza','989300982827'),(-1701157110,'iliya:)','989227462123'),(-1701130972,'ℳð¶ð','989010864002'),(-1700093573,'Ayoob','989900997316'),(-1699882331,'Erfan',''),(-1695612645,'R⌯','989058727261'),(-1693019068,'وحید',''),(-1692564900,'ðð',''),(-1691514326,'55569',''),(-1691311963,'ℳðªℋð',''),(-1689830806,'PUBG','989160388170'),(-1688311606,'Alisan','989901742750'),(-1685831709,'s','989050455465'),(-1683177249,'Yousef','989930821738'),(-1681423988,'Rizwanahamdi2099','93728821831'),(-1680048921,'amir',''),(-1678317092,'مهرداد',''),(-1675731461,'»°«۰','989305271818'),(-1675227923,'Amir Mohammad','989307380920'),(-1673064991,'Mahdi','989398366345'),(-1670948754,'mahmod','989938459732'),(-1669812848,'Ashkan','989902198291'),(-1669216288,'^Nima^','989363234262'),(-1667731447,'امیر حسین آریانفر','989374757797'),(-1666986085,'Alireza','989056516712'),(-1666784661,'محمد','989193838592'),(-1666716185,'مصطفی کاتبی','989924197956'),(-1666151081,'imYOU','989394797488'),(-1665026648,'SR1.GAMING','989013176236'),(-1664265727,'ð£ð',''),(-1663710683,'__ A T I L A','989376736677'),(-1662916750,'دان','989390120596'),(-1660672013,'ᏖᏦ྿втω','989201102537'),(-1659850218,'ابراهیم',''),(-1658771726,'ÄKÃM','989182985670'),(-1657658811,'Mahdi','989175314669'),(-1656979742,'ابو شننير',''),(-1656433021,'مورفین',''),(-1656123230,'Vahidadlizadeh',''),(-1655103743,'Ali',''),(-1653099543,'Ałî','989371028486'),(-1645236922,'Cocolaa',''),(-1644825607,'معین','989148356480'),(-1644269246,'سهیل','989019701005'),(-1643657763,'abol',''),(-1642566393,'Ali','989009889512'),(-1642559185,'AMiMO','989058299831'),(-1641475257,'masih',''),(-1640105780,'Yasin','989936896798'),(-1639228774,'arhia','989179636841'),(-1638511058,'♡ERFAN♡',''),(-1637128113,'Darab','989934171124'),(-1637034903,'♕Zahra ♕',''),(-1634700757,'Azrael','93748114203'),(-1632871695,'Ali','989021831238'),(-1632150621,'علیð','989229814690'),(-1631946589,'Kowri','989196886931'),(-1628296750,'Lskdffhjgjd','989918696587'),(-1623918229,'Ayhan','989925985047'),(-1623235785,'Farbod','989191001513'),(-1621840540,'me','989035264167'),(-1620251619,'A B D O L L A H I','989150100548'),(-1619594697,'mobin','989392237145'),(-1619181560,'Abed7','989375259381'),(-1615417936,'ð³ð','989164795345'),(-1615242778,'اویس','989154570148'),(-1612972200,'Farzad','93791888454'),(-1611217233,'رایتل','989228277290'),(-1611213079,'❤️ð','989381345839'),(-1611203523,'amir','989334562596'),(-1609317648,'ویسمحمد',''),(-1608223676,'شهاب صداقت','989175569761'),(-1608218022,'aghil',''),(-1607045380,'ð¦آریا',''),(-1607013349,'@arman.ghasmi.1859','989179441859'),(-1606586831,'Omid','989175090294'),(-1606508672,'ð','989964280442'),(-1606096894,'Ali','989385263253'),(-1601521805,'MOHAMD SALAH','989046572631'),(-1601293969,'پشتیبانی فیفی شاپ','27735727465'),(-1600284905,'Mahdi','989056084851'),(-1598987757,'Mohsen','989999978859'),(-1598889043,'⋆ঔৣðǟð',''),(-1598848911,'skxbsjsmx','989168560754'),(-1597064446,'Evil','989033482293'),(-1596560218,'امیر محمد','989905069273'),(-1596525722,'-','989351312113'),(-1595442688,'مسعود','989029759942'),(-1595107110,'Amir','989963904092'),(-1595054416,'علی','989358745119'),(-1593697795,'Yob','989903567396'),(-1592723273,'amirhosayn3413','989940797817'),(-1591701440,'Eԋʂαɳ','989305016725'),(-1591374175,'Abolfzal','989927701327'),(-1590481754,'ژ','989034350082'),(-1590127220,'ZE_ADMINUC','989361447654'),(-1589179053,'...','989945173498'),(-1585334897,'amir','989192572906'),(-1585312085,'XL',''),(-1583053887,'علی','989186902765'),(-1582692463,'یاسین','989916114389'),(-1582032561,'MILAD',''),(-1581849816,'واحد W',''),(-1580572340,'MAMAD','989306610540'),(-1580513088,'ABOALFAZLTURK10','989935371504'),(-1579492701,'Alina','989177232043'),(-1577863965,'Osama',''),(-1577320674,'آصف',''),(-1574653725,'TERUOR','989934880339'),(-1574190165,'ممد',''),(-1570322744,'cc','989963598850'),(-1567437932,'Arminzt','989387862804'),(-1566951779,'نیکزاد','989375818176'),(-1566949850,'ₘₐₕdᵢ','989901313358'),(-1566738151,'ýâsiñ._.mi_³¹³','989117937606'),(-1566054904,'Vg','989165609249'),(-1563108699,'rauof','989373385813'),(-1560557470,'S Malek',''),(-1559898214,'Arsalan','989910604828'),(-1558479653,'GT','989114842614'),(-1556508205,'ð',''),(-1555893940,'Amir','989158463745'),(-1555530730,'علاءالدین','989059336069'),(-1555395773,'abol','989055130457'),(-1554933224,'Yousef','989928375750'),(-1551704654,'66666','989032113439'),(-1551600387,'ارتین',''),(-1547957994,'Captain','989026049850'),(-1547832032,'حسن','989937178554'),(-1543201118,'.','989981924119'),(-1540548638,'JvjgfA',''),(-1540332900,'aliReza','989981197124'),(-1539164582,'انا','989389566362'),(-1537998521,'Farhad','989136415318'),(-1537866247,'♠︎♧♡','989336180597'),(-1536641553,'ð','989941184938'),(-1535550387,'میکائیل','989375844275'),(-1535231074,'ایرانسل خودم','989055592438'),(-1533545521,'حسین','989332733536'),(-1532803655,'یاسر','989157468240'),(-1531728857,'Umut Kaan',''),(-1531323313,'امیر','989057137161'),(-1531111607,'ashkan','989137376851'),(-1530501863,'2008','989358882078'),(-1527621709,'MAHDI','989013371900'),(-1527269164,'Mtin','989396899260'),(-1526721807,'.','989227365076'),(-1524617642,'ZE_ADMIN2','989152724489'),(-1523352735,'taha','989399760861'),(-1521853064,'Ahmad','989051064454'),(-1520849012,'امیرحسین','989921158009'),(-1520282138,'امیر','989014094890'),(-1518852823,'ð¤ð','989015971271'),(-1513386162,'محمد','989135799956'),(-1511066876,'khaleghifar','989306964052'),(-1509741670,'عباس','989160814509'),(-1509368442,'علیرضا',''),(-1507319560,'DantSWon','989010158274'),(-1506939394,'Mohmd','989035792921'),(-1506362746,'ZeNox',''),(-1504424940,'❤️‍ð¥ðℛð','989160753984'),(-1503601152,'امیر','989212858864'),(-1503202320,'Siıveeŕ','989929873801'),(-1502796257,'دیاکو رحیمی','989187849133'),(-1500468343,'Nihash','989031043695'),(-1497599549,'Eltaf','93795892995'),(-1496628607,'م','989309790791'),(-1496455978,'Dc','212681272996'),(-1494979098,'﷽ دۣۣٝٛᬼ⃟اٍِٝۙشۭٖ٘ۢᬼ⃟وۭ۠ۨڪۣٛᬼ⃟ ٕۭٛ۠عًٍ۪ۧᬼ⃟مۭۚ ﷽','989044650791'),(-1494072126,'شـاهـ','989931404937'),(-1493515101,'Moein','989359665952'),(-1493112786,'Mj','989336480440'),(-1492801975,'محمد','989044806492'),(-1492667150,'.','989033803310'),(-1492038301,'Mahan',''),(-1491461721,'KURDO','989960673403'),(-1490827207,'.',''),(-1489710156,'ivx','989367630837'),(-1488580740,'H','989171431584'),(-1483734809,'Reza',''),(-1479596703,'M','989393422405'),(-1477836234,'Mir_','989963666951'),(-1476628070,'ð','989383154163'),(-1476153365,'ااالاا','989389524775'),(-1475281117,'Amir',''),(-1474937926,'D',''),(-1474787846,'محمد','989170617672'),(-1473761168,'محمد',''),(-1472359876,'J O O D I','989991262097'),(-1471763692,'میثم',''),(-1471498493,'عاصم','989919489004'),(-1471078215,'Mobin','989304819605'),(-1470800398,'Tohid','989382284807'),(-1469514211,'♡•','989059031787'),(-1466546669,'Aboobakr','84799911663'),(-1465776776,'.','989395932228'),(-1464843400,'.','989908656209'),(-1462248440,'سروش امین پور','989146316930'),(-1461666857,'A','989939294152'),(-1461120142,'Amirali','989184312668'),(-1460195655,'ᴹᵃʰᵈⁱ','989056337691'),(-1457053834,'™',''),(-1456162657,'mahdi','989981747818'),(-1454651316,'Parsa','989378020197'),(-1454603319,'@hadisalari5',''),(-1454355925,'.','989046389115'),(-1453660359,'DNS_Gaming9','989231604908'),(-1453620981,'Mohamad','989918020464'),(-1450044458,'Arman','989109343907'),(-1449816215,'ERF4N','989029875573'),(-1449123195,'اااا','989177909732'),(-1449023149,'——————-','989025301935'),(-1448078892,'Mmd','989013607169'),(-1447129952,'imAMIN','989117921503'),(-1446759671,'Mohsen','989396701688'),(-1444713427,'‌.','989337686146'),(-1444514500,'علی زاهدی','989164975496'),(-1444303604,'MERAJ','989380265329'),(-1443384308,'reza',''),(-1443187749,'OFF','989165265029'),(-1441836246,'farzad','989159466945'),(-1441632153,'Ali','989915182464'),(-1440500136,'ا','989966460945'),(-1440045971,'قربان','989372998305'),(-1439292264,'G R A N D P A','989961683602'),(-1438563527,'AK_ZEUS_VASTE','989931411824'),(-1437713862,'میثم','989135612825'),(-1436973383,'Jamal','989302515025'),(-1436125926,'Ali-\'XZ-sĥòti','989155429240'),(-1435360405,'.','989941260247'),(-1432575813,'…','447565387507'),(-1431262197,'-Y-','989333745059'),(-1430872721,'احسان','989363050494'),(-1430756532,'دختر باباچ','989923466303'),(-1430538523,'محمد','989174028305'),(-1429083790,'Mobin','989179047388'),(-1428786545,'ＡＭＩＮ',''),(-1428411395,'Mis Forough','989059237399'),(-1426462435,'ð','989337465836'),(-1423639620,'¹ZX・close','989378377889'),(-1422657653,'kian',''),(-1422473934,'gorkok','989100092912'),(-1420242134,'.','989339804508'),(-1419549008,'Ali','989376341254'),(-1419293712,'[محمد ]ð','989302824997'),(-1418899576,'ð ð','989385878683'),(-1417812345,'꯭‌▼꯭‌◘‌ᴋⁱ‌ɴ‌ᵍ‌ᘜ⃫‌⃘‌ð½⃧‌⃘꯭⃐‌❰‌✞⃫','989368718455'),(-1414795391,'×mehdi×','989391843537'),(-1414284205,'شمس الا','989167965662'),(-1411280968,'.',''),(-1410856268,'Aĺi\'_shoti','989056145971'),(-1410673408,'Mahdi','989914526567'),(-1408016441,'ASHLY',''),(-1406615253,'فقط خدا','989965505523'),(-1406222541,'Farhad','989038061215'),(-1405153299,'Mehrab','989231772420'),(-1403687158,'KINK',''),(-1403361642,'Owis','989154753152'),(-1400301643,'a','989119804492'),(-1398691065,'ﺈﺑٰﯢِࢦـَِﻲ ﺈَﭑِﻟࢪﻓِيِ٘عِ٘يِ٘(','989033867794'),(-1398021640,'IR_TIGER','989937346971'),(-1395586201,'Sajad','989386953533'),(-1395329421,'Ali','989965849322'),(-1394817161,'ð¨ð','989222831791'),(-1394448906,'Ali','989330593308'),(-1389520278,'amir','989112734492'),(-1388724689,'Hamzeh','989029403827'),(-1388504267,'ＰＡＮＩＺ','989175516550'),(-1387491903,'Aidenn','989904380392'),(-1386488757,'Amir','989051621554'),(-1386274933,'آبتین','989165756938'),(-1385910384,'U. G N.:-_/ H','989909920494'),(-1384335768,'........','989932647709'),(-1378980716,'Sroosh','989942652881'),(-1374299567,'تیک','989377925323'),(-1372717894,'حسین','989335992658'),(-1369503624,'NARUTO','989182904870'),(-1365528844,'امید','989904715907'),(-1364928625,'rahman','989167871828'),(-1362944780,'...',''),(-1361899707,'Mostafa',''),(-1361514443,'abolfazl','989362598421'),(-1359620214,'‌‌‌‌‌‌‌ ‌‌MoX','989031610044'),(-1357985402,'Amir','989233718950'),(-1357148683,'...','989387247004'),(-1352961041,'Hjj','989033898396'),(-1349919075,'طاها','989964546306'),(-1347240543,'☁',''),(-1342675679,'yashijj',''),(-1336562821,'رامین',''),(-1334841768,'Ali','989918253413'),(-1334103409,'کافه کاندید','989930250348'),(-1333970600,'علی','989928140639'),(-1333953734,'میو عصبانی ð','989966834673'),(-1332372349,'......','989923011564'),(-1332002823,'Ali','989965002558'),(-1330366826,'⁪⁬⁮⁮⁮⁮⁪⁬⁮⁮⁮⁮⁪⁬⁮⁮⁮⁮⁪⁬⁮⁮⁮⁮','989337294755'),(-1325065469,'Ali','989147743926'),(-1323043062,'Mokhtar','989964160995'),(-1322298654,',',''),(-1317504940,'مراد','989014500165'),(-1315701912,'Khadije','989178828257'),(-1315517063,'Afinxjlbj',''),(-1313126348,'یاسر کاردان.','989336241385'),(-1313066376,'پویا',''),(-1310264507,'تنها','989039287278'),(-1308937338,'علاوی',''),(-1307500823,'عاشق','989944192925'),(-1306304827,'T a h a','989999870127'),(-1304369293,'.',''),(-1304108240,'Mahan','989394808946'),(-1300143187,'نوید',''),(-1299698473,'Ko','989309051085'),(-1296468827,'الناز','989372415187'),(-1294966166,'×','989146174938'),(-1292137838,'Unknown','989331343845'),(-1289612626,'Amir',''),(-1289186226,'Amir','989397852043'),(-1285970016,'علی','989381159843'),(-1285667404,'Amir','989057270264'),(-1284613218,'Reza.n','989016334964'),(-1284373955,'کریمی',''),(-1281909379,'M','989215264665'),(-1279452097,'انور','989154610672'),(-1279109626,'AMIN','989395352429'),(-1278976782,'Khanð','989176793643'),(-1278733789,'Hosin',''),(-1278383783,'00','989919612264'),(-1277837282,'Alireza','989033186906'),(-1276818154,'Mohammdi','989019178862'),(-1275760928,'آراز','989109330021'),(-1274495153,'ONLY HAM3STER','27835040073'),(-1273841486,'Mom','989109443422'),(-1272960422,'حسین','989915528734'),(-1272347536,'alireza','989214298393'),(-1271691267,'بنیامین','989394590124'),(-1271221654,'Mosaib_60','989379753559'),(-1270515716,'حسینی','989306833369'),(-1267580066,'رایان','989142703774'),(-1266451123,'arya','989334810588'),(-1264773436,'Manser','989933870431'),(-1259554631,'نوید','989354722089'),(-1259285103,'Soli','989172174531'),(-1258521420,'S.A.R.E','989021793808'),(-1256809468,'Reëzã','989916919152'),(-1256596192,'....!','989334085093'),(-1256218823,'ðð','989190110079'),(-1256061027,'امیر','989176721168'),(-1255893970,'Pejman','989039384251'),(-1252518044,'تتتت','989177969043'),(-1251818836,'ا','989185942871'),(-1251552396,'روح لله','989389282970'),(-1251158785,'هیچ','989306334101'),(-1247726553,'مهدی','989303325894'),(-1245710290,'مهدی','989393482311'),(-1240056903,'♱Volvo♱',''),(-1239509216,'Jdhd','989175699693'),(-1237699842,'خودم','989185322787'),(-1233553831,'Ozeir.s',''),(-1231635192,'ممد','989309173193'),(-1229843576,'mortezakaabomeyr','989930596490'),(-1228037727,'Ali ۲','989146876860'),(-1226594580,'محمد',''),(-1226241481,'۰','989306936209'),(-1225734641,'AMiMo','989058258048'),(-1225559338,'...','989933569159'),(-1224429640,'محمد','989023045886'),(-1223513026,'حسم','989388962718'),(-1220882003,'q',''),(-1219016202,'کیارش','989904152113'),(-1216384668,'M.taha','989362125611'),(-1216323012,'ðð¨ðð','989920687807'),(-1214774362,'.','989035810376'),(-1212856620,'احمد','989019602673'),(-1210671832,'T','989337218028'),(-1207615396,'Ahmad',''),(-1205484935,'arash','989139005162'),(-1205319124,'mr_sofi313','989374280308'),(-1204566492,'...','989172706878'),(-1204209414,'Amir','989301851907'),(-1204186453,'خودم',''),(-1202860968,'سجاد','989145352733'),(-1199521648,'عبدالله','989016398998'),(-1199387528,'RZA','989013899374'),(-1195686189,'Mohammad','989186499445'),(-1195086605,'آرمین','989336175957'),(-1194593734,'m','989020619138'),(-1192693383,'sami','989935311495'),(-1191832459,'.','989369937363'),(-1191713464,'ð¾ð','989057292379'),(-1191527013,'....','989300907981'),(-1190129674,'مجتبی',''),(-1189188115,'Mostafa','989372121395'),(-1187843008,'حبیب','989306048264'),(-1186510303,'....?',''),(-1186252842,'.','989144481920'),(-1182847262,'•ðð','254753247741'),(-1181210787,'...','989394784019'),(-1177109242,'aleas00','989305924748'),(-1175994083,'*÷&#&#',''),(-1174374603,'.','989149478984'),(-1172869022,'Reza','989902639921'),(-1172427887,'Hamza','963965422752'),(-1170546516,'علی',''),(-1169732044,'Amir','989164617418'),(-1166256810,'King','989307494020'),(-1165993104,'ممدپرو','989929545506'),(-1164864315,'marym','989962878523'),(-1161438255,'محراب','989387974681'),(-1160663217,'عبدالله','989399771003'),(-1158873011,'hasti',''),(-1158083038,'بنیامین','989330544123'),(-1157382677,'sodis',''),(-1150343305,'Gofooo','989333156820'),(-1148667050,'حسین','989169795069'),(-1143914902,'امیرعلی','989334112520'),(-1140760788,'.','989175672940'),(-1139759024,'حسین','989190634200'),(-1138935468,'فففف','989034085273'),(-1138517318,'Rohullah',''),(-1138460379,'Amir',''),(-1138264122,'...',''),(-1138045852,'Ehsanð','989336130309'),(-1131443805,'محمد',''),(-1129502332,'ارزدیجیتالی','989360366545'),(-1127425633,'taha','989220114967'),(-1127266202,'Hamzeh','989903713827'),(-1125053907,'ツ','989305456912'),(-1121376726,'علی','989918057604'),(-1119740283,'تنهاوک ð',''),(-1119245311,'‌.','989160933659'),(-1118919837,'Mmmm','989361733668'),(-1117147853,'aydin','989103440214'),(-1114311168,'مادر','989175221428'),(-1112945799,'ننم','989921875311'),(-1112716484,'سلام','989038013277'),(-1109028909,'Mti','989056392744'),(-1108201031,'رضا',''),(-1106482678,'AR','989016092128'),(-1101334087,'Delvan911',''),(-1099754529,'Mp','989172843674'),(-1099736588,'Sharif','989158603582'),(-1098510425,'بیو',''),(-1097255513,'محمد مهدی','989232930829'),(-1096379512,'Arash','989152556980'),(-1095250453,'خودم',''),(-1094476205,'M.A.H.D.I','989965928946'),(-1091139490,'zhiwar','989144442374'),(-1090842986,'علی اصغر','989336209961');
/*!40000 ALTER TABLE `users` ENABLE KEYS */;
UNLOCK TABLES;

--
-- Table structure for table `v2ray_plans`
--

DROP TABLE IF EXISTS `v2ray_plans`;
/*!40101 SET @saved_cs_client     = @@character_set_client */;
/*!40101 SET character_set_client = utf8 */;
CREATE TABLE `v2ray_plans` (
  `id` tinyint(4) DEFAULT NULL,
  `name` varchar(4) DEFAULT NULL,
  `price` int(11) DEFAULT NULL
) ENGINE=InnoDB DEFAULT CHARSET=utf8mb4;
/*!40101 SET character_set_client = @saved_cs_client */;

--
-- Dumping data for table `v2ray_plans`
--

LOCK TABLES `v2ray_plans` WRITE;
/*!40000 ALTER TABLE `v2ray_plans` DISABLE KEYS */;
INSERT INTO `v2ray_plans` VALUES (1,'30G',85000),(2,'50G',125000),(3,'60G',149000),(4,'80G',169000),(6,'100G',2000000);
/*!40000 ALTER TABLE `v2ray_plans` ENABLE KEYS */;
UNLOCK TABLES;

--
-- Table structure for table `wallets`
--

DROP TABLE IF EXISTS `wallets`;
/*!40101 SET @saved_cs_client     = @@character_set_client */;
/*!40101 SET character_set_client = utf8 */;
CREATE TABLE `wallets` (
  `user_id` bigint(20) DEFAULT NULL,
  `balance` decimal(8,1) DEFAULT NULL
) ENGINE=InnoDB DEFAULT CHARSET=utf8mb4;
/*!40101 SET character_set_client = @saved_cs_client */;

--
-- Dumping data for table `wallets`
--

LOCK TABLES `wallets` WRITE;
/*!40000 ALTER TABLE `wallets` DISABLE KEYS */;
INSERT INTO `wallets` VALUES (467370873,-1183000.0),(821324509,1000.0),(851669487,0.0),(967482536,0.0),(1172169091,0.0),(1361362975,121000.0),(1449173686,0.0),(2032526830,50000.0),(-1972583380,0.0),(-1601293969,30000.0);
/*!40000 ALTER TABLE `wallets` ENABLE KEYS */;
UNLOCK TABLES;
/*!40103 SET TIME_ZONE=@OLD_TIME_ZONE */;

/*!40101 SET SQL_MODE=@OLD_SQL_MODE */;
/*!40014 SET FOREIGN_KEY_CHECKS=@OLD_FOREIGN_KEY_CHECKS */;
/*!40014 SET UNIQUE_CHECKS=@OLD_UNIQUE_CHECKS */;
/*!40101 SET CHARACTER_SET_CLIENT=@OLD_CHARACTER_SET_CLIENT */;
/*!40101 SET CHARACTER_SET_RESULTS=@OLD_CHARACTER_SET_RESULTS */;
/*!40101 SET COLLATION_CONNECTION=@OLD_COLLATION_CONNECTION */;
/*!40111 SET SQL_NOTES=@OLD_SQL_NOTES */;

-- Dump completed on 2024-04-30 16:46:33
